customer_id,first_name,last_name,date_of_birth,gender,address,city,state,zip_code,phone_number,email,nationality,id_type,id_number,registration_date
1,مشفق,آل مقطة,1959-03-23,ذكر,"033 جواهر Shoals
New مؤمن, PR 45224",Port عمّارside,New Jersey,63075,+1-731-855-4318x79611,lhkyrltwf@example.com,Colombia,جواز سفر,574-11-3652,2015-09-09
2,زهرة,المشاولة,1967-03-22,أنثى,"116 بقشان Run
Port نافعport, LA 40385",آل مقطةville,Ohio,51122,001-679-779-5336x4390,sqrhjr@example.com,Reunion,جواز سفر,620-51-0033,2019-09-25
3,مُسعف,آل صفوان,1992-10-07,ذكر,"625 خليفة Square
حياةland, IL 05520",مهناfurt,West Virginia,08279,(654)621-7216,mldbg@example.com,Norfolk Island,بطاقة هوية وطنية,810-03-4480,2017-09-14
4,مطاوع,آل خضير,1987-04-25,ذكر,"6739 حجار Junctions
North محمودberg, WI 02287",Port فاخر,Alaska,78049,821-419-2327x019,snm53@example.com,Denmark,بطاقة هوية وطنية,788-82-8495,2021-05-04
5,مهدي,بن لادن,1990-12-24,ذكر,"9854 حنبولي Course Apt. 112
عبد التّوابfurt, AK 10371",South نوح,Wisconsin,61614,985.467.5036x494,thqb93@example.org,Congo,بطاقة هوية وطنية,576-09-6144,2016-11-29
6,ذكي,الخرافي,1959-11-14,ذكر,"468 مصطفى Mountains
الراشدville, AL 56013",Port هايل,Idaho,00899,+1-604-803-3699x6774,ymm78@example.com,Guernsey,بطاقة هوية وطنية,718-48-1020,2021-06-13
7,بنفسج,آل علي,1987-02-11,أنثى,"27042 آل سلطان Pine
العجلانside, IA 26380",West حليم,North Dakota,13991,+1-957-789-0966x318,lqylzryf@example.net,Denmark,بطاقة هوية وطنية,169-56-8595,2024-11-30
8,ميمون,العقيل,1954-09-26,ذكر,"11663 آل قصير Villages
بقشانmouth, MD 36121",عبد الجليلview,Wisconsin,94712,601.436.5675,gmdlmgwl@example.net,Indonesia,جواز سفر,743-54-0816,2019-08-27
9,بدرالدّجى,المهنا,1968-05-15,أنثى,"36128 آل رفيع Field Suite 708
آل محمد بن علي بن جمازburgh, CT 25587",آل رفيعmouth,Indiana,59694,(326)294-8890x412,bd-ljlylal-hsyn@example.com,Thailand,بطاقة هوية وطنية,100-62-0876,2021-02-22
10,مايا,آل مقطة,2002-11-12,أنثى,"8645 آل بن لافي Station
South منيبfort, NY 28656",آل العسكريport,Mississippi,90659,(991)328-2092x8511,rftljbr@example.net,Guyana,جواز سفر,494-84-8389,2019-05-08
11,نورس,آل علي,1957-10-06,ذكر,"845 فصيل Springs Suite 570
عبد الحقّtown, GU 39169",آل سلطانborough,New York,40980,001-290-417-1589x9243,sj15@example.org,Turkmenistan,جواز سفر,397-79-4547,2017-08-08
12,بوران,آل عواض,1966-01-31,أنثى,"6346 قاصد Plaza
Lake شريف, MS 06506",New عطاء,Indiana,40322,001-871-942-4854,nal-khdyr@example.org,Sri Lanka,جواز سفر,170-56-6661,2018-10-17
13,نشوة,آل سعود,1960-07-16,أنثى,"34520 مهنا Port Apt. 140
South عبد العليمstad, AR 18188",المغاولةfort,Alaska,90705,332.484.3508x4963,bshr66@example.net,Pakistan,بطاقة هوية وطنية,659-33-5053,2022-11-28
14,صلاح,آل سعود,1965-03-13,ذكر,"USNS أبو داوود
FPO AP 01427",East عبد القدّوس,Wyoming,10281,961-417-4560,lqylbysn@example.org,Mongolia,جواز سفر,461-41-6881,2023-04-06
15,خميس,آل معيض,1986-03-29,ذكر,"415 آل جعفر Fords
East نبيل, FM 23562",Lake شفيعshire,Maryland,78329,+1-598-846-8523,al-khdyrsfyr@example.net,Bermuda,جواز سفر,381-13-7037,2024-08-08
16,ميرال,آل محمد بن علي بن جماز,1992-06-14,أنثى,"83626 الجفالي Ports
جواهرport, NE 41674",Port حازمshire,Texas,87456,(789)992-1313,hydylrshd@example.com,Peru,جواز سفر,215-58-9037,2025-06-09
17,باسمة,أبو داوود,2007-01-28,أنثى,"3405 آل سعود Orchard Suite 308
South علاء الدّينview, HI 71168",عرفهport,Idaho,88269,961-729-5660,mnyb22@example.net,Bahrain,جواز سفر,768-87-7686,2019-03-28
18,رواء,الراشد,1981-06-09,أنثى,"334 سموح Ranch Apt. 863
West مزهر, ND 05287",آل قصيرfort,Illinois,20765,434-980-8564,al-mqtsndyd@example.net,Lesotho,جواز سفر,552-31-4727,2021-02-10
19,راجي,العليان,2004-01-27,ذكر,"02330 الدباغ Corner
صامدfurt, NC 20224",آل عواضburgh,Ohio,42270,823.986.8749x4643,mrdyfsyl@example.net,Sri Lanka,جواز سفر,442-25-4416,2018-05-05
20,ناديه,المغاولة,1984-05-21,أنثى,"70447 آل معيض Overpass
بقشانburgh, AR 06895",East كنار,Kansas,78500,3402661495,lynljln@example.com,Bosnia and Herzegovina,جواز سفر,619-43-4019,2023-06-03
21,جوليا,أبا الخيل,2002-02-09,أنثى,"Unit 4059 Box 6864
DPO AA 32235",South جواهرton,Indiana,58185,001-897-206-1096,nwwr60@example.org,Palestinian Territory,بطاقة هوية وطنية,221-84-9017,2024-02-11
22,بهية,المهيدب,1969-12-11,أنثى,"062 آل بن لافي Roads
آل سلطانview, WY 60216",East هاشمton,Ohio,36386,891-467-5982x258,ljflyfrs@example.com,Monaco,جواز سفر,637-82-5226,2025-01-27
23,كرمة,الشايع,1980-02-09,أنثى,"05279 كنار Gardens
West راميstad, AS 12611",North رجائيberg,Rhode Island,02596,001-269-501-8015x30805,lbyblmhydb@example.net,Somalia,بطاقة هوية وطنية,818-16-4151,2022-02-06
24,روفيدا,أبا الخيل,2001-03-04,أنثى,"84365 المهيدب Village
ربىville, LA 97300",ناصر الدّينview,Mississippi,43999,(878)270-9229x22223,mythq84@example.net,Ghana,جواز سفر,720-76-0963,2025-05-18
25,صدر الدّين,شربتلي,1994-08-07,ذكر,"7888 آل عطفة Square
New نصريtown, PR 32778",هناديtown,New York,27654,+1-730-609-2851x9938,njh55@example.com,North Macedonia,بطاقة هوية وطنية,474-96-0144,2024-11-08
26,ربيع,آل صفوان,2003-05-30,ذكر,"00757 بقشان Prairie Apt. 901
New يحيىtown, AL 89394",West روعة,Arkansas,42340,+1-818-263-3887x995,trfal-mhmd-bn-ly-bn-jmz@example.com,Brunei Darussalam,جواز سفر,528-44-1482,2021-01-02
27,باسمة,آل علي,1954-10-25,أنثى,"60317 المشاولة Brook
East صبور, KS 74764",مشفقside,Georgia,27432,001-826-631-7958x6839,ehjr@example.net,Malta,جواز سفر,482-25-4653,2023-09-13
28,هاشم,بقشان,1997-05-07,ذكر,"USNV حنبولي
FPO AA 06375",East روبين,Mississippi,36128,001-704-588-7099,lrshdrm@example.com,United Arab Emirates,جواز سفر,508-76-0315,2016-12-06
29,لانا,آل خضير,1957-03-02,أنثى,"199 هايدي Plaza Suite 644
حجارstad, IA 09057",كنارberg,Mississippi,72885,492.894.4603,mzn69@example.com,Nauru,بطاقة هوية وطنية,615-23-8074,2020-08-06
30,رشاد,الشايع,1959-07-21,ذكر,"757 المهيدب Forks Apt. 239
Lake شاكر, RI 90757",آل مقطةtown,Georgia,00907,264-728-6599x1861,fsylbd-ljlyl@example.com,Central African Republic,جواز سفر,625-57-6978,2021-12-27
31,صائب,آل حسين,1957-10-17,ذكر,"244 علوان Landing Suite 983
هناءville, WI 35247",New مشرقview,Iowa,54695,266-574-8312x6597,ial-rfy@example.net,Guernsey,بطاقة هوية وطنية,607-88-0382,2022-01-18
32,نائل,الجفالي,1960-04-26,ذكر,"378 نزار Streets Apt. 279
South وصفي, MH 58453",North ناردين,New York,39897,677.578.9581x6721,llynbd-lmhyy@example.org,Somalia,جواز سفر,312-76-0898,2019-12-15
33,صنديد,العجلان,1959-12-19,ذكر,"047 أبا الخيل Lane Suite 876
South منسيshire, IL 57142",صبريland,Kansas,14785,8549850951,trnymlrshd@example.com,Antarctica (the territory South of 60 deg S),جواز سفر,135-77-7301,2018-06-16
34,عابد,الخرافي,1972-03-13,ذكر,"04891 صعب Glens Apt. 617
آل خضيرmouth, ND 65488",الجفاليmouth,Georgia,41129,240.560.1682x9317,al-lshykhzwt@example.org,Aruba,بطاقة هوية وطنية,882-84-0809,2015-12-18
35,راجي,آل عطفة,1965-01-25,ذكر,"064 عبد السّلام Shores Suite 924
الحجارhaven, UT 51616",Port طالبburgh,Montana,50787,825.337.1275,tyllqyl@example.com,Niger,جواز سفر,644-65-7549,2020-07-31
36,مُخيمر,حنبولي,1993-07-27,ذكر,"539 سيّد Squares Apt. 467
وحيدtown, KY 08471",East نافذ,Delaware,51796,+1-838-713-5098,hsn67@example.org,Guinea,جواز سفر,296-36-4134,2023-10-05
37,مُتعب,شربتلي,2006-03-01,ذكر,"8874 حنبولي Wall Apt. 527
South ضيائي, HI 80450",North لقاءborough,Maryland,53501,733-865-4602x09194,sfynal-khdyr@example.net,Madagascar,بطاقة هوية وطنية,315-97-0777,2017-06-17
38,هايل,حجار,1969-03-08,ذكر,"249 بقشان Lane
South رمزيside, PR 85392",New يافعfort,New Hampshire,17668,526-605-7122,al-ydrmz@example.net,Falkland Islands (Malvinas),جواز سفر,234-69-2396,2015-09-08
39,عبدالله,المشاولة,1993-03-18,ذكر,"90254 عزّت Flats Suite 746
فيصلchester, OR 30396",آل حسينtown,Alaska,15121,766-698-8502,yzydfsyl@example.net,Iran,بطاقة هوية وطنية,587-38-7667,2024-06-21
40,لورا,آل سلطان,2001-09-18,أنثى,"45988 راتب Lock Apt. 780
شجاعville, RI 62750",Port شاطر,Kentucky,62178,+1-571-859-6186x7581,khldwnal-mqt@example.org,Djibouti,بطاقة هوية وطنية,485-08-7120,2020-09-07
41,غالي,شربتلي,1976-06-19,ذكر,"8494 عبد التّواب Dale Suite 859
سموحchester, DC 08827",Lake عبد الإله,New York,11262,001-555-229-0391x473,sbn-ldn@example.net,Uruguay,جواز سفر,554-24-5567,2017-12-28
42,خاطر,المغاولة,1991-04-05,ذكر,"165 هلالي Land
مهرانhaven, GA 83971",Port يسارchester,Massachusetts,08863,(798)832-3580x385,pbqshn@example.net,Indonesia,جواز سفر,560-53-2370,2025-02-13
43,بتول,آل عطفة,1957-08-07,أنثى,"PSC 5536, Box 8643
APO AA 38099",North يسرىstad,Mississippi,71813,531.951.2284x2969,zw-ldwyn91@example.org,Guernsey,بطاقة هوية وطنية,687-02-0700,2020-03-16
44,ابتسام,آل بن ظافر,1983-04-12,أنثى,"8156 آل الشيخ Crescent Suite 931
New سعدونtown, TX 75127",عبد التّوابport,Oklahoma,16191,(726)365-2772,aal-jfr@example.net,Paraguay,بطاقة هوية وطنية,734-66-6973,2025-04-02
45,جودي,آل جعفر,1961-04-30,أنثى,"79745 فاروق Skyway Apt. 106
طلالhaven, MH 38044",آل مقطةfort,Alaska,93250,(825)465-5657,bws85@example.com,Guinea-Bissau,جواز سفر,338-22-1721,2023-07-04
46,مقدام,أبا الخيل,1973-10-04,ذكر,"22468 زغلول Circles Apt. 575
أبو داوودfort, AZ 34106",شكيبbury,Washington,33304,+1-897-784-3698,srj-ldwyn20@example.net,Vanuatu,بطاقة هوية وطنية,093-95-1462,2016-11-26
47,مرزوق,العقيل,1983-10-09,ذكر,"2017 آل جعفر Harbor
East شاديville, CT 08132",North علي,Idaho,33084,(882)500-5351,sywdljbr@example.org,Israel,جواز سفر,206-50-2610,2022-08-22
48,اصيل,الخرافي,1957-10-09,أنثى,"57611 هيكل Freeway
المهناburgh, MD 94237",South ابتكارborough,Oregon,36655,(258)833-4838,al-lshykhywns@example.com,Albania,بطاقة هوية وطنية,146-32-1375,2015-09-07
49,ليم,الدباغ,1956-11-30,أنثى,"7588 آل العسكري Springs Suite 221
New صدّامton, MO 45276",سخاءbury,South Dakota,74211,001-282-243-1225,dy76@example.net,Sri Lanka,جواز سفر,868-87-1122,2021-08-16
50,بارعة,آل سعود,1979-08-05,أنثى,"4504 آل خضير Isle
East منتصرfurt, PW 97033",West ميلاءton,South Carolina,64717,001-652-697-9098x2995,bd-lgfwral-bn-zfr@example.com,Central African Republic,بطاقة هوية وطنية,327-49-1823,2019-12-15
51,ريان,آل محمد بن علي بن جماز,1995-01-04,أنثى,"26268 حيّان Turnpike
West نعمانland, ND 69397",وفائيton,Virginia,46226,935-581-7621,bd-lkhlqldbg@example.net,United States Minor Outlying Islands,جواز سفر,830-16-9946,2020-06-03
52,جوليا,المغاولة,2002-12-12,أنثى,"USNS الشايع
FPO AE 58902",New قاصدmouth,Texas,80185,541-789-9289,llynmyr@example.org,British Virgin Islands,جواز سفر,327-54-9639,2016-01-09
53,قدري,آل الشيخ,1957-07-05,ذكر,"067 أبا الخيل Vista Apt. 680
Port مهدي, WI 26729",آل حسينstad,North Carolina,72376,323-582-7688x271,wjdyknw@example.org,Monaco,بطاقة هوية وطنية,276-72-3864,2024-06-08
54,فائق,آل معيض,1957-06-17,ذكر,"1493 بنان Loop Apt. 075
Port بهاءstad, IA 28002",آل سلطانfurt,Virginia,53456,958.848.1003,wlmhydb@example.org,Northern Mariana Islands,جواز سفر,800-42-3120,2023-10-03
55,مياس,المشاولة,1963-10-20,ذكر,"Unit 6654 Box 7333
DPO AA 31017",North طلال,Delaware,12662,4939552084,qydal-tf@example.org,Netherlands Antilles,بطاقة هوية وطنية,662-67-4468,2020-10-20
56,إباء,المشاولة,1992-01-04,أنثى,"1314 تاليا Extension
West شكيب, DE 94042",Port روحيmouth,Montana,24595,(590)692-4027,dymh22@example.org,Lao People's Democratic Republic,بطاقة هوية وطنية,480-83-5765,2018-09-27
57,فداء,آل خضير,1985-05-12,أنثى,"64901 آل العسكري Common
West زكي, MT 81263",Port عذب,Kentucky,12553,001-776-510-5967x92125,nzyh42@example.org,Montserrat,جواز سفر,240-07-2103,2017-03-17
58,مطاوع,كانو,1981-01-09,ذكر,"4199 بن لادن Glen Apt. 536
South علّام, WA 42774",South هناءtown,Michigan,57725,796-276-4081x6083,al-khdyrftkr@example.org,Uruguay,جواز سفر,882-02-9683,2023-04-10
59,أسيل,شربتلي,2006-08-09,أنثى,"4780 آل بن ظافر Squares Apt. 706
أبو داوودburgh, ND 48247",Lake نائلview,North Dakota,18534,939.665.2947x1183,sbr81@example.org,Norway,جواز سفر,357-79-5544,2023-05-01
60,بوران,فصيل,1975-03-09,أنثى,"9821 الحكير Village Apt. 516
Port ناضرfurt, MO 83237",العجلانbury,Hawaii,99050,(698)740-5629x680,bnfsj22@example.net,Gibraltar,بطاقة هوية وطنية,284-14-8115,2021-10-24
61,واثق,آل بن لافي,1966-06-07,ذكر,"6160 مادلين Corner
روفيداside, UT 56538",مهديburgh,New York,30327,467-294-3455x06582,nwfmhn@example.net,Cape Verde,بطاقة هوية وطنية,216-97-6354,2021-11-01
62,ميلاء,الدباغ,1990-01-25,أنثى,"74284 آل رفيع Trail Suite 498
نوحton, VT 19170",العليانside,Nebraska,57814,(378)913-3076x9943,ymm56@example.org,United States Virgin Islands,بطاقة هوية وطنية,635-75-7659,2016-01-07
63,هيا,العليان,1992-05-02,أنثى,"7965 المهنا Rapids
آل معيضfort, TN 57155",East راجيville,Oregon,46780,782.655.5412x528,ihjr@example.com,Bulgaria,جواز سفر,597-07-5748,2016-01-25
64,منصور,آل بن ظافر,1988-03-08,ذكر,"369 سيّد Road Suite 175
New ميلاءberg, VA 03124",South غزوانstad,Alaska,70316,7546752832,fdyyal-bn-lfy@example.com,Belize,جواز سفر,136-32-4834,2016-02-26
65,حقّي,فصيل,1983-03-27,ذكر,"5827 وفائي Coves
عاكفview, MI 83005",فصيلbury,Illinois,64742,(533)694-7350x834,whyd23@example.org,Malta,جواز سفر,703-04-4843,2016-06-22
66,دعاء,أبو داوود,1965-07-20,أنثى,"784 راني Curve
شفيعhaven, AK 67006",Lake لتين,Mississippi,77462,(513)941-2227x2012,ryf01@example.org,Bulgaria,بطاقة هوية وطنية,044-95-0307,2023-03-15
67,غوى,آل مقطة,1992-07-17,أنثى,"02094 عبد الباقي Land Suite 557
Port فراس, NH 15512",سلافberg,South Carolina,77777,921.814.4306,val-sfwn@example.org,Israel,بطاقة هوية وطنية,875-78-9885,2021-04-26
68,بوران,آل بن لافي,1962-09-22,أنثى,"823 المهنا Orchard Apt. 997
East ايمانhaven, MH 84258",آل قصيرton,Georgia,76077,+1-765-820-1708x9667,hnbwlymnf@example.com,Uzbekistan,جواز سفر,444-21-5294,2024-12-01
69,يونس,آل بن لافي,1958-08-16,ذكر,"22758 طيّع Fords Apt. 822
غالبland, GU 20089",آل حسينhaven,Pennsylvania,87179,538.505.1283x819,lmgwltrys@example.com,Nauru,بطاقة هوية وطنية,096-21-6261,2022-10-26
70,جلنار,بن لادن,1965-05-19,أنثى,"681 قاسم River
الدباغfurt, NM 45352",المهناborough,Illinois,62224,(636)262-2153,al-mydnmn@example.com,Bulgaria,بطاقة هوية وطنية,393-34-9163,2016-09-28
71,جود,آل رفيع,1956-05-09,أنثى,"96876 آل بن لافي Center
Lake جلنار, ID 35970",North فتحيmouth,Oklahoma,51338,8936676454,fal-bn-lfy@example.net,Serbia,جواز سفر,267-33-4654,2023-08-21
72,دانة,المشاولة,2003-11-06,أنثى,"98574 آل سلطان Summit Suite 447
آل صفوانfort, IN 62714",الجابرborough,Missouri,51579,+1-260-661-8104,dal-myd@example.net,Singapore,جواز سفر,579-32-2759,2020-11-03
73,داوود,الشايع,1994-10-21,ذكر,"750 بيسان Creek Suite 809
New رؤوف, NM 60095",المغاولةside,Utah,04036,592.641.9310x30759,khld17@example.net,Djibouti,جواز سفر,294-63-6206,2021-07-03
74,قطب,آل خضير,1992-05-19,ذكر,"26453 آل علي Lane Suite 077
نشأتton, IA 87602",واصفchester,North Carolina,36972,001-538-721-4717x5404,zydal-tf@example.com,Tonga,بطاقة هوية وطنية,233-61-1389,2024-08-06
75,جوين,الحجار,1971-01-10,أنثى,"0967 آل رفيع Crest
Lake لاماview, MH 68602",هايلview,Missouri,71740,(820)905-0622,wsfyljln@example.com,Pitcairn Islands,جواز سفر,670-53-8469,2016-08-31
76,ميار,أبو داوود,1993-05-27,أنثى,"972 راما Street
آل عطفةbury, MO 23777",North رانيport,Connecticut,23766,(807)437-3969,dnnal-lskry@example.org,Nauru,جواز سفر,102-42-0132,2022-02-15
77,نضال,المغاولة,2003-10-15,ذكر,"36371 بن لادن Court Suite 506
Lake ظريف, IN 65901",Port أحمد,New Hampshire,91708,233.221.0480x013,msb36@example.net,Iceland,بطاقة هوية وطنية,824-57-1175,2018-09-28
78,هاشم,آل رفيع,1961-06-11,ذكر,"433 آل بن لافي Harbor Apt. 991
South فرجfurt, MS 55035",الحكيرport,Kentucky,16006,380.570.7033x7454,qlmhn@example.com,Guinea-Bissau,بطاقة هوية وطنية,843-45-2772,2022-07-09
79,طالب,آل سعود,1954-11-04,ذكر,"9236 بهجة Street
South اصيلmouth, CA 04571",آل معيضstad,North Dakota,59018,+1-446-656-6551x359,ual-mqt@example.org,Pitcairn Islands,جواز سفر,173-02-8997,2024-05-27
80,بتلاء,الشايع,1956-03-16,أنثى,"406 رحيب Gateway
Lake شفيعfurt, MO 99605",Lake وادع,Nevada,13520,+1-778-472-5234,bqshnfnn@example.net,Korea,بطاقة هوية وطنية,039-09-2521,2019-01-10
81,حياة,كانو,1990-04-18,أنثى,"2243 حسام Walks Suite 134
العجلانborough, ND 14937",بشرىfurt,Kansas,25980,5863485239,al-swdsb@example.com,Malta,جواز سفر,366-15-8875,2021-07-23
82,معين,بقشان,1988-10-20,ذكر,"563 شهب Ranch
North بنفسجside, MS 89849",Lake جواناhaven,Montana,44545,(748)858-0605x946,bd-lqdwwsknw@example.net,Norfolk Island,جواز سفر,318-59-9962,2024-12-25
83,بلقيس,آل قصير,1999-12-14,أنثى,"44445 آل بن لافي Springs Suite 725
South رمضانview, MN 13167",فصيلstad,Iowa,47096,889.577.9706,ial-swd@example.org,Svalbard & Jan Mayen Islands,جواز سفر,597-13-9486,2023-12-20
84,تحسين,العجلان,1961-09-08,ذكر,"45053 آل الشيخ Vista Suite 855
آل معيضfurt, NV 08632",Port لورا,Tennessee,51985,3642081210,bw-dwwdhshm@example.org,Fiji,بطاقة هوية وطنية,894-08-9490,2024-08-04
85,معزّ,آل سعود,1994-08-27,ذكر,"835 أبو داوود Inlet Apt. 825
العليانshire, PW 89674",مهناchester,Arkansas,02235,(247)236-9380,rhnbwly@example.com,South Georgia and the South Sandwich Islands,جواز سفر,429-97-9908,2018-08-15
86,بلماء,الخرافي,1955-02-18,أنثى,"4207 آل بن لافي Lake Apt. 976
الحجارberg, NH 88103",شفيعfurt,Alaska,46272,658.315.0720,mhmwdljfly@example.org,Egypt,بطاقة هوية وطنية,557-09-8282,2017-03-17
87,خليفة,آل بن لافي,1967-11-29,ذكر,"54956 رامح Club
Lake غالبview, MS 07549",المهيدبburgh,Tennessee,91722,+1-506-348-5417x5956,hymn15@example.com,Chad,بطاقة هوية وطنية,553-80-2017,2024-06-23
88,بلماء,العجلان,2000-04-25,أنثى,"3112 العليان Walk Suite 535
Lake بهاء, MN 36783",North راجيberg,Idaho,53338,519.282.8016x304,alljbr@example.com,Nauru,بطاقة هوية وطنية,819-06-2731,2018-04-11
89,مسلم,حنبولي,2007-04-25,ذكر,"1134 الجابر Alley Suite 968
آل محمد بن علي بن جمازhaven, CO 14105",آل عليside,North Dakota,51232,818-758-9493x97942,al-qsyrsj@example.com,Trinidad and Tobago,جواز سفر,286-54-5480,2016-06-04
90,سبأ,المغاولة,1985-06-16,أنثى,"673 زهير Pines Suite 874
آل محمد بن علي بن جمازmouth, RI 73964",صارمtown,New Hampshire,41346,001-324-687-0139x563,al-mydkwthr@example.net,Myanmar,بطاقة هوية وطنية,851-40-6612,2018-04-02
91,داني,آل سعود,1972-10-16,ذكر,"9119 آل صفوان Glen
وريدview, GU 41530",آل عليburgh,New Hampshire,57946,348-412-3677x15719,mkhls59@example.net,Falkland Islands (Malvinas),بطاقة هوية وطنية,623-92-0096,2020-01-17
92,حسنين,الخرافي,1994-10-09,ذكر,"51877 ضيائي Locks
New لولياville, KS 24111",دعاءburgh,Utah,92205,+1-935-678-7945x16403,ial-tf@example.org,New Caledonia,جواز سفر,711-56-7878,2015-08-04
93,راوي,آل صفوان,1996-04-14,ذكر,"5377 آل جعفر Prairie Suite 617
Port راشد, ND 56365",Port محسن,Arizona,03126,394-515-2326x051,mrdy23@example.net,Iceland,بطاقة هوية وطنية,588-50-1621,2020-03-12
94,سجى,آل مقطة,1975-07-06,أنثى,"99874 عبد الرّحيم Islands
رشادborough, OH 07467",East فردوس,California,10696,+1-704-842-2386x0689,sal-yd@example.net,Cape Verde,جواز سفر,315-46-2361,2021-06-06
95,ريف,مهنا,1970-10-05,أنثى,"546 المهنا Canyon
آل مقطةport, VI 63713",New منافbury,Oklahoma,96361,+1-874-892-6799,thrwtal-sfwn@example.org,Panama,بطاقة هوية وطنية,468-65-9018,2024-02-05
96,ظاهر,حجار,1980-10-16,ذكر,"5679 عبد القهّار Square Apt. 452
New ميسورfort, AK 50760",South نمر,Michigan,94122,001-625-208-5069x4935,qylljbr@example.net,Lesotho,بطاقة هوية وطنية,312-56-9520,2020-12-01
97,زهرة,كانو,1972-04-27,أنثى,"0783 المشاولة Route
East سفيانfurt, LA 39044",صبحيville,Vermont,53279,887-260-0164,mukhymr79@example.net,Chile,جواز سفر,785-33-4509,2020-07-06
98,جابر,العقيل,1962-02-20,ذكر,"79979 الحجار Keys
West روبا, NV 35376",آل حسينport,North Carolina,99848,+1-536-751-2845x5456,hnblal-khdyr@example.com,Belize,بطاقة هوية وطنية,359-17-1004,2021-08-31
99,حقّي,أبا الخيل,1989-06-28,ذكر,"421 عبد الرّؤوف Green
دليلberg, AR 11775",حكيمburgh,South Dakota,28503,+1-910-661-6647x768,bbqshn@example.org,San Marino,جواز سفر,668-96-3093,2018-06-11
100,شامخ,الجفالي,1979-03-17,ذكر,"872 عزمي Via
الجابرview, OH 08291",آل حسينshire,Ohio,83841,(201)692-4546,vhjr@example.com,Mauritius,جواز سفر,249-02-4512,2020-02-17
101,كاسر,أبا الخيل,1970-10-07,ذكر,"547 قانت Pike Apt. 321
آل العسكريton, TN 52147",North غوى,Ohio,95672,234.722.5330x0508,dn22@example.org,Mali,جواز سفر,595-50-2779,2022-01-25
102,طلعت,العقيل,1985-08-03,ذكر,"2528 المهيدب Plaza Suite 311
East عبد الإلهmouth, SC 81093",South ساطعfurt,New Jersey,11712,+1-434-788-9752,tmwm38@example.org,Lithuania,بطاقة هوية وطنية,566-06-6216,2020-04-10
103,قبس,فصيل,2001-07-06,ذكر,"5671 زهدي Meadows
South عبد القدّوس, DE 90273",South مُنجد,Colorado,73793,(647)945-6301x1446,shrlshy@example.org,Pakistan,جواز سفر,795-56-2598,2023-11-10
104,ضحى,المهيدب,2003-09-09,أنثى,"8940 سيّد Points
Lake فيصلborough, DE 44976",حجارberg,Iowa,02032,(644)927-2044,qknw@example.net,Saint Martin,بطاقة هوية وطنية,519-88-4874,2015-10-01
105,حفيظ,الخرافي,1977-11-23,ذكر,"897 آل سلطان Plains Suite 925
East نبراسmouth, CA 94265",حنبوليborough,Nebraska,18699,(343)972-8495x6526,myal-rfy@example.net,French Southern Territories,جواز سفر,218-06-0582,2017-12-30
106,رئيس,العليان,1986-03-07,ذكر,"33619 وثّاب Summit Suite 265
Port بدرالدّجى, NC 88452",West نور الحقّ,Hawaii,35746,993.713.3006x8495,sljbr@example.com,Svalbard & Jan Mayen Islands,جواز سفر,250-85-8020,2018-09-17
107,ناهد,آل بن لافي,1963-01-12,أنثى,"970 خطيب Passage
North نبيه, AK 18557",Lake طامحfort,Nebraska,39733,(425)899-8836,slymnb-lkhyl@example.org,Guinea,بطاقة هوية وطنية,293-58-7606,2025-04-08
108,زهرة,أبا الخيل,1975-10-20,أنثى,"9477 معزّ Lodge Apt. 916
آل مقطةchester, OR 23630",آل بن لافيmouth,New Hampshire,14093,(476)262-0291,dlhjr@example.net,Egypt,بطاقة هوية وطنية,467-81-7655,2015-08-01
109,جاد,بن لادن,1997-09-21,ذكر,"3589 شربتلي Springs
الحكيرburgh, WA 24406",فيصلberg,New Hampshire,71357,861-466-3306,ndyhal-jfr@example.com,Haiti,جواز سفر,398-51-7954,2019-03-03
110,شبيب,حجار,1961-12-08,ذكر,"06298 الحجار Mountain Suite 634
حنبلland, FM 30971",ريتالland,Massachusetts,58272,774-333-0966x53998,mhdyal-mhmd-bn-ly-bn-jmz@example.org,Hungary,جواز سفر,311-66-3992,2020-11-09
111,سليم,المهنا,1996-11-20,ذكر,"540 كانو Islands
شربتليshire, NE 83785",الراشدfurt,Louisiana,04239,834-759-8379x812,lrshdl-ldwyn@example.org,Reunion,بطاقة هوية وطنية,844-53-0644,2021-03-05
112,لؤي,المهيدب,1998-05-30,ذكر,"13084 فصيل Junctions Suite 147
المهيدبside, NE 67141",East كنعان,Virginia,57614,(381)880-7340x326,al-lshykhsmy@example.org,Congo,بطاقة هوية وطنية,416-71-3444,2018-07-02
113,وديع,آل الشيخ,1964-05-07,ذكر,"520 الحكير Prairie
Lake عبد الحليمstad, GA 27309",South جاسمside,Minnesota,47619,001-977-274-5552x2206,al-lyb@example.net,Ecuador,جواز سفر,882-73-6749,2023-12-18
114,مصعب,الراشد,1967-08-23,ذكر,"5857 العجلان Villages
Lake معتوقmouth, OR 32904",East منيف,Alabama,38273,001-986-359-0338x893,bd-lkrymal-tf@example.org,Netherlands,جواز سفر,538-72-7061,2024-03-01
115,كافور,آل بن لافي,1987-06-15,ذكر,"Unit 1903 Box 7814
DPO AA 33993",عفيفshire,California,78042,001-673-647-9959x034,sfyrlshy@example.net,French Southern Territories,جواز سفر,092-87-1026,2018-02-07
116,عاكف,آل سعود,1978-01-22,ذكر,"214 الحكير Walk
North يحيى, NH 73435",آل حسينberg,Ohio,14126,+1-217-819-0081,lmhydbjwryw@example.com,Finland,جواز سفر,258-26-0835,2024-03-12
117,نوف,آل بن ظافر,1985-11-24,أنثى,"5685 افتكار Fork Suite 188
آل حسينville, KY 10628",South عمرانbury,Iowa,15592,586.670.0122x88989,knwly@example.com,Venezuela,بطاقة هوية وطنية,624-70-2946,2021-05-23
118,سيف الدّين,فصيل,1980-06-24,ذكر,"109 صعب Stravenue Apt. 524
خلوصيville, MP 97129",East قاصدville,Kentucky,57031,+1-555-536-1575x2397,bw-dwwdlwn@example.org,French Polynesia,بطاقة هوية وطنية,355-29-9799,2022-07-27
119,فاتح,آل عواض,1988-08-13,ذكر,"940 مهدي Extension Suite 169
بن لادنbury, SC 94939",New عائدbury,Rhode Island,27014,+1-849-873-0173x22509,al-qsyrjwn@example.org,Dominica,بطاقة هوية وطنية,249-11-0248,2020-06-13
120,حسيب,الشايع,2000-03-22,ذكر,"06087 فخر الدّين Gardens
ياقوتland, ND 58343",الجفاليstad,Alabama,67411,(883)631-6676,lhkyrdysm@example.net,Sao Tome and Principe,جواز سفر,731-82-0101,2023-06-29
121,عبد التّواب,أبا الخيل,2001-04-05,ذكر,"96562 بلماء Mountains
West وصاف, CA 95072",North سهل,Mississippi,89854,975-480-7219x60144,nyzyal-lshykh@example.com,Pakistan,جواز سفر,213-32-5023,2019-09-15
122,نوّاف,آل عواض,1972-06-10,ذكر,"922 العجلان Trafficway
مظهرview, MD 25606",رمزيfurt,Washington,75778,(758)279-2446x4368,gtfnal-swd@example.org,Hong Kong,بطاقة هوية وطنية,575-07-9907,2024-11-03
123,ضياء,بن لادن,1991-12-18,أنثى,"540 آل عايض Estates Apt. 378
جاسمstad, OR 39825",South ميراhaven,Maryland,02238,(467)632-1906x0578,bd-lkrymal-lshykh@example.net,Uzbekistan,جواز سفر,655-37-6259,2017-03-22
124,منيب,العجلان,1964-08-13,ذكر,"5708 كانو Ranch Suite 329
East صادق, MI 03764",South ضيائيmouth,Arkansas,54052,+1-210-847-7541,rmdnlmhn@example.net,Micronesia,جواز سفر,073-76-1501,2019-11-14
125,جواهر,آل محمد بن علي بن جماز,1955-04-27,أنثى,"680 آل بن ظافر Dam Suite 713
North قطز, KS 26981",طموحmouth,Hawaii,32182,263-574-1309x9716,mntsral-mhmd-bn-ly-bn-jmz@example.org,South Africa,بطاقة هوية وطنية,138-27-7074,2020-10-03
126,عبد الواحد,بقشان,2001-12-25,ذكر,"5208 شادي Fords
العجلانburgh, LA 15552",ياسرstad,Texas,00573,+1-655-991-1203,rsmlmhn@example.org,Puerto Rico,بطاقة هوية وطنية,837-97-6747,2017-08-05
127,ظهير,آل صفوان,1981-10-23,ذكر,"870 تقي Mountains
West رمحيfort, CA 95480",آل سلطانside,Arizona,45412,+1-901-674-6202x81820,khnbwly@example.org,Libyan Arab Jamahiriya,بطاقة هوية وطنية,494-55-7604,2018-12-19
128,بنان,الشايع,1956-12-13,أنثى,"570 عالم Corner Apt. 153
جرّاحton, NV 41524",طارقport,Alaska,43813,(910)569-3298x1557,fal-jfr@example.com,Tonga,بطاقة هوية وطنية,784-37-4573,2017-05-08
129,خلدون,آل بن لافي,1985-07-22,ذكر,"089 راشد Throughway
Lake قطب, HI 01813",آل عايضberg,Nevada,16155,+1-247-220-7671,al-swdkml@example.net,British Virgin Islands,جواز سفر,375-89-6807,2019-02-15
130,جوين,آل بن ظافر,1991-11-26,أنثى,"1807 سفير Greens
South نوف, CO 61146",South تمّامview,Colorado,79230,489-575-0878x144,elmshwl@example.net,China,جواز سفر,576-20-7378,2024-10-22
131,هيا,آل محمد بن علي بن جماز,1975-09-27,أنثى,"641 كانو Pike
North مشرق, WV 01871",بن لادنstad,Colorado,03084,001-794-656-6543x93750,aal-mhmd-bn-ly-bn-jmz@example.com,Uruguay,بطاقة هوية وطنية,031-56-9338,2016-07-29
132,ممتاز,بقشان,1983-06-27,ذكر,"36556 عرفات Turnpike
مرعيmouth, PR 72707",ماياtown,Michigan,20675,400-678-9847,al-swdmkhtr@example.org,Ukraine,بطاقة هوية وطنية,324-64-9469,2021-10-03
133,بارعة,آل عواض,2000-08-09,أنثى,"6143 بن لادن Roads
غوىton, AR 45414",North رؤوفburgh,Montana,10509,+1-484-888-0430,ayt50@example.org,British Indian Ocean Territory (Chagos Archipelago),جواز سفر,252-72-0962,2021-11-15
134,مُناضل,آل سلطان,1987-06-12,ذكر,"11777 كانو Walk
الجفاليfort, PR 53797",Port خضرville,Iowa,78396,001-220-353-4810x514,hnblljbr@example.org,Germany,بطاقة هوية وطنية,121-78-4495,2017-02-22
135,وائل,كانو,1984-03-17,ذكر,"825 لبيد Meadow
New زهيرhaven, KS 64353",الحكيرbury,Missouri,27012,+1-398-421-9965,sal-swd@example.com,Guyana,بطاقة هوية وطنية,318-39-3725,2022-07-24
136,جهراء,حنبولي,1984-11-09,أنثى,"592 شربتلي Islands
South بلسم, NC 02689",آل معيضburgh,Maine,33705,247-290-4883,fkhr96@example.com,Dominican Republic,جواز سفر,030-59-5609,2023-03-16
137,خالد,بقشان,1957-05-07,ذكر,"90988 جمان Mills Apt. 461
كاسرtown, PA 75912",آل عليside,Alaska,61232,237.952.7535,ymm55@example.org,Russian Federation,جواز سفر,662-71-3025,2022-07-02
138,رؤوف,آل عطفة,1981-02-28,ذكر,"35519 جعفر Cape Apt. 241
Port قطزfort, WV 00845",نائلtown,Rhode Island,71952,899-600-1337,al-mydslym@example.net,Bermuda,بطاقة هوية وطنية,717-92-8566,2018-03-31
139,فايد,شربتلي,1983-10-07,ذكر,"81170 الراشد Mission Apt. 670
East شاملton, UT 94203",آل رفيعburgh,Louisiana,14232,001-246-264-8617x4123,hfyz69@example.org,Uruguay,بطاقة هوية وطنية,377-07-9240,2020-09-03
140,كارم,آل محمد بن علي بن جماز,1988-02-12,ذكر,"45019 عبد الغفّار Square Suite 048
بقشانstad, SD 30290",مريمfort,Alabama,98483,334-772-5287x19766,dknw@example.com,Slovakia (Slovak Republic),بطاقة هوية وطنية,151-40-0154,2018-07-01
141,ظاهر,أبو داوود,1981-04-23,ذكر,"7682 باسمة Center
Port عبد العليم, AL 76574",South كبير,Wisconsin,97698,(307)928-3290,lmshwlhdy@example.org,Thailand,بطاقة هوية وطنية,197-19-9810,2017-06-02
142,ابتهاج,آل عواض,1975-09-17,أنثى,"454 حمّاد Harbor Suite 119
سليمview, AZ 01808",Lake رابحfort,Michigan,40027,381.472.9979x35096,rstm04@example.com,Belgium,جواز سفر,264-76-7065,2018-04-16
143,بهاء,آل خضير,1969-11-24,أنثى,"8375 العقيل Branch
العجلانland, MO 87070",Lake ضاحيville,Idaho,36184,261-901-7658,bd-lmjydal-jfr@example.org,Swaziland,بطاقة هوية وطنية,605-35-4307,2018-04-16
144,عرفه,آل قصير,1966-06-15,ذكر,"9571 طاهر Parkway
New ناصيفmouth, DE 57823",North عبد الغني,New Hampshire,64635,(746)837-3963,lhkyrrsm@example.net,Hungary,بطاقة هوية وطنية,057-92-4600,2019-12-13
145,زيد,الجابر,1986-04-10,ذكر,"6283 فلاح Islands
South حازمtown, WV 56770",مريمstad,Louisiana,51493,770-762-4183x3271,lmhnktwm@example.net,Lithuania,جواز سفر,797-58-4434,2024-11-14
146,ممتاز,آل عطفة,1958-09-22,ذكر,"991 لبيب Trail Suite 810
West أريج, VI 73483",آل حسينfurt,New Jersey,87027,001-286-442-2935x10499,b-lkhylqsd@example.com,Northern Mariana Islands,جواز سفر,567-90-6895,2019-06-11
147,سامح,آل جعفر,1985-01-13,ذكر,"1955 المهيدب Ports
طلالtown, FL 42310",الجابرmouth,Arizona,61966,+1-994-335-4109,zzal-mqt@example.com,Tuvalu,بطاقة هوية وطنية,231-07-1325,2017-02-25
148,كوثر,آل علي,1990-12-30,أنثى,"74049 المشاولة Square Apt. 534
Port رحيبfort, CO 29010",New صخر,Maine,15124,(460)825-8223,blndal-rfy@example.org,Mongolia,بطاقة هوية وطنية,774-56-6005,2020-11-24
149,غطفان,آل قصير,1998-05-02,ذكر,"62081 العقيل Lodge Suite 703
ليانhaven, MD 13125",Lake فرات,Kentucky,14439,(315)593-9412x912,mhnjlyl@example.org,South Georgia and the South Sandwich Islands,جواز سفر,673-03-1468,2025-03-14
150,كنعان,آل علي,1983-08-04,ذكر,"46166 أبا الخيل Circles
Lake نجم الدّينshire, GU 36916",North كاملةburgh,Maine,27650,416.672.4646,bhy14@example.net,Liechtenstein,بطاقة هوية وطنية,585-54-8283,2020-06-22
151,غزوان,فصيل,1959-11-10,ذكر,"06414 عبد الحكيم Center
آل العسكريbury, FL 06373",North خلف,Kentucky,24810,001-318-432-6251x6660,nshwal-tf@example.org,Barbados,بطاقة هوية وطنية,477-40-3118,2015-12-26
152,ريمان,بن لادن,2005-01-15,أنثى,"78714 سهيل Tunnel
المهناtown, HI 59169",بتولbury,Ohio,98523,001-585-661-9699x539,lhjrzhdy@example.net,Norfolk Island,جواز سفر,874-50-7061,2021-10-10
153,جوانا,آل مقطة,1975-06-07,أنثى,"1225 آل مقطة Port
صبيحburgh, OK 64099",West ضياء,Oklahoma,74595,+1-677-386-4495x17531,knwrbh@example.org,Marshall Islands,جواز سفر,432-83-5984,2018-04-02
154,لتين,آل رفيع,1961-08-16,أنثى,"615 كارم Islands
الخرافيchester, NC 28718",West نصوحfort,Nebraska,91559,001-897-339-6517x499,hjrtmwm@example.net,Guam,بطاقة هوية وطنية,887-66-0936,2022-10-21
155,رامز,آل معيض,1964-01-25,ذكر,"6744 آل رفيع Flat
نور الحقّborough, VT 73981",South دارين,Washington,41588,(826)348-9598x83576,ylmhydb@example.com,Bahamas,جواز سفر,423-48-2028,2023-09-06
156,بلند,آل العسكري,1995-05-28,أنثى,"403 سرحان Turnpike Apt. 710
Lake حيّان, FL 53448",يزيدberg,Florida,88222,833-518-7238x51957,aal-wd@example.org,Djibouti,جواز سفر,491-66-0236,2017-08-02
157,يسرى,آل سعود,1985-06-10,أنثى,"2361 آل سلطان Underpass
آل عليton, MT 02169",New نجوانberg,Maryland,36910,+1-606-309-6874,bhybn-ldn@example.org,Jordan,بطاقة هوية وطنية,817-50-7375,2018-08-16
158,أسرار,الحكير,1978-12-24,أنثى,"305 المهيدب Island Suite 568
East راسم, IN 59941",بقشانville,New Jersey,04139,(741)574-4318,shdnlrshd@example.net,Guernsey,جواز سفر,075-97-3418,2021-07-03
159,قصيد,الدباغ,1990-04-23,ذكر,"6692 وحيد Pines Apt. 345
West صالحchester, VA 09159",Port جليل,New York,46221,513.256.9255x47823,nal-lshykh@example.com,Austria,جواز سفر,194-55-3799,2023-04-29
160,ميرا,شربتلي,1988-01-06,أنثى,"Unit 5243 Box 1659
DPO AE 50569",Port نافذ,Massachusetts,83382,+1-681-944-2193x190,bd-lqhwr58@example.net,Australia,بطاقة هوية وطنية,221-55-1459,2023-07-16
161,ميلاء,العقيل,1969-05-06,أنثى,"284 بن لادن Grove
Lake فهميville, VA 96330",فخريburgh,Minnesota,66188,+1-623-978-2761x8915,klqyl@example.org,Lithuania,بطاقة هوية وطنية,699-09-2098,2020-07-05
162,منصور,المغاولة,2000-04-05,ذكر,"202 كانو Port Suite 548
Lake مختارville, OK 96682",New جوليا,Georgia,61205,(619)939-9893x5552,nwwf98@example.net,Timor-Leste,جواز سفر,228-68-6652,2025-05-29
163,جود,المهنا,1982-02-11,أنثى,"65514 مهنا Divide
حلاberg, GA 91346",West مأمون,Alaska,44548,001-528-483-1979x861,al-hsynsrr@example.com,Belize,بطاقة هوية وطنية,039-37-1384,2020-03-25
164,جوين,الراشد,2006-01-09,أنثى,"126 آل مقطة Ridge
مريمburgh, NY 71507",Lake عطاء,Utah,86472,675.992.5521x378,tyq98@example.com,Ecuador,بطاقة هوية وطنية,374-31-8677,2019-08-22
165,سهل,آل معيض,1993-10-01,ذكر,"9635 فادي Isle
North ظافرville, MA 60048",الجفاليmouth,North Carolina,04038,+1-375-693-9690x4353,fsylsbyh@example.net,Iran,جواز سفر,721-10-6896,2019-08-15
166,لتين,العجلان,1974-09-08,أنثى,"002 آل صفوان Park Suite 096
East نافع, MN 46744",North رامحbury,Nevada,03227,6483332073,bqshnmdlyn@example.com,Zambia,جواز سفر,141-45-2307,2024-07-28
167,نوف,آل بن لافي,1995-11-19,أنثى,"1261 مازن Via Apt. 528
ودودbury, GA 13885",فاروقville,Texas,18967,(833)306-6453,mhrnal-lshykh@example.net,Guyana,بطاقة هوية وطنية,640-87-0358,2023-11-05
168,بهية,الحكير,1965-07-25,أنثى,"45447 زهرة Plains
South عميرport, SC 24732",Port دعاءmouth,Alaska,04420,8602306626,hydrlqyl@example.com,San Marino,جواز سفر,810-05-8658,2019-10-22
169,ناردين,آل العسكري,2001-01-25,أنثى,"41644 آل سعود Trace
South عبد التّوابside, OK 60680",Lake وليفmouth,Oregon,68703,998.356.9582x07179,oal-ly@example.com,Liechtenstein,جواز سفر,128-66-3933,2018-02-17
170,ثابت,آل عواض,1992-11-03,ذكر,"17933 مَسعد Mission Suite 200
مهناborough, ID 06144",Lake صقر,Nevada,41220,001-620-378-4057x4231,ydal-yd@example.com,Andorra,جواز سفر,732-87-2893,2021-03-06
171,أسرار,آل محمد بن علي بن جماز,2000-02-15,أنثى,"80860 يعرب Canyon
كبيرstad, MT 96806",صدقيmouth,Washington,61493,4793894102,ljflywfyy@example.com,Moldova,جواز سفر,769-94-7343,2023-01-28
172,جوانا,آل بن لافي,1998-11-02,أنثى,"103 موسى Pike
حيّانshire, PA 69015",Lake وادعville,Georgia,32660,+1-788-859-3472x1527,al-bn-lfybd-ltwwb@example.org,Italy,جواز سفر,420-80-4505,2020-05-07
173,بلقيس,آل رفيع,1970-03-14,أنثى,"0047 بقشان Green Apt. 650
West مراديhaven, SC 98573",محمودview,Idaho,35064,001-779-926-1446x7741,aljbr@example.org,Croatia,جواز سفر,812-46-3726,2019-05-25
174,عبدالرّحمن,آل معيض,1980-02-27,ذكر,"8353 دريد Loaf Apt. 076
المهناmouth, CT 36848",South رجب,South Carolina,28755,001-248-937-5004x6043,al-sfwnshl@example.net,Burundi,جواز سفر,209-86-9852,2023-08-28
175,فردوس,حنبولي,1990-11-16,أنثى,"969 مرتضي Pass Suite 517
Lake سامي, TN 85269",المشاولةview,Maryland,23972,+1-364-744-3534x69435,hjrfyq@example.org,Wallis and Futuna,بطاقة هوية وطنية,473-62-0954,2015-08-09
176,كاملة,آل بن ظافر,1976-11-03,أنثى,"42960 آل علي Unions
Lake لطوف, PR 35488",Lake ثروتborough,Massachusetts,14393,950.344.9599x78558,ljlnfhmy@example.net,Barbados,جواز سفر,657-01-6393,2016-02-19
177,أزهار,مهنا,1988-06-30,أنثى,"5705 جدير Mall Apt. 339
لمّاحmouth, FL 12903",East مرعي,Washington,38058,763-501-5404x0590,fdlal-khdyr@example.com,Senegal,بطاقة هوية وطنية,381-53-9793,2022-07-14
178,هادي,كانو,1975-04-13,ذكر,"2761 طريف Loaf
بقشانton, LA 67089",Lake عارف,Arkansas,92027,(521)269-7107x4759,lrshdtmm@example.org,Armenia,جواز سفر,260-97-1666,2017-10-18
179,يعقوب,آل صفوان,2005-03-25,ذكر,"885 آل الشيخ Burg
Lake خافق, NM 29070",هيكلton,Tennessee,30929,(923)405-6666x660,tal-lshykh@example.org,Guinea,بطاقة هوية وطنية,842-52-3964,2022-09-19
180,افتكار,الخرافي,1955-03-07,أنثى,"12089 حنبولي Road Apt. 859
سعودborough, AS 40880",كسّابport,Vermont,64809,(703)470-4805x09876,zhyrlmgwl@example.com,Saint Lucia,جواز سفر,052-90-8403,2020-09-17
181,عدلي,آل بن ظافر,1963-01-16,ذكر,"9513 الحكير Valleys
South وائل, NV 18431",East خافق,Oregon,27931,632.803.4170x067,clmshwl@example.org,Nepal,جواز سفر,860-64-7003,2022-12-30
182,روبين,العليان,1993-07-06,أنثى,"75630 فايد Pines Suite 410
South حكيم, GA 53043",New سعدbury,Nebraska,16039,362.815.6289x04928,lllyn@example.net,Afghanistan,بطاقة هوية وطنية,691-29-7134,2024-07-06
183,سلاف,آل عايض,1970-02-01,أنثى,"41223 آل مقطة Walks Suite 640
Lake غزيرmouth, MT 36335",دعاءtown,Washington,99465,+1-304-522-5237x9071,skhr45@example.org,Ecuador,بطاقة هوية وطنية,327-72-7020,2017-12-22
184,واثق,المهيدب,2004-06-05,ذكر,"5035 الدباغ Isle Suite 814
فكريmouth, MS 55115",آل جعفرfort,Hawaii,55335,2896327889,umhn@example.org,Azerbaijan,جواز سفر,492-47-5594,2017-03-12
185,رجب,الجابر,1986-01-12,ذكر,"73691 بنان Plaza
South وثّابmouth, DC 77211",نادرbury,Oregon,23352,999.869.7687,shrbtlykbyr@example.net,Antarctica (the territory South of 60 deg S),بطاقة هوية وطنية,877-44-3604,2021-02-21
186,حلا,آل عايض,1990-03-25,أنثى,"USNS آل قصير
FPO AP 13687",أحلامburgh,Vermont,82446,001-570-405-8421x53381,mjdal-hsyn@example.com,Aruba,جواز سفر,444-55-9244,2021-01-10
187,معتوق,الجابر,1997-03-30,ذكر,"55309 خضر Underpass Apt. 422
سامحstad, UT 43208",South ثابتfort,Delaware,06802,712-218-0620x46890,srhnal-lskry@example.com,Belarus,جواز سفر,857-29-6259,2018-06-04
188,عمّار,آل الشيخ,1985-06-17,ذكر,"8383 صدّام Orchard Apt. 817
قاصدtown, PW 16635",Lake عبد الباري,Utah,61848,934-909-7587x1136,mal-jfr@example.org,Zambia,بطاقة هوية وطنية,509-19-6190,2020-02-16
189,نيازي,آل سعود,1989-01-30,ذكر,"6816 غزوان Cliffs
New عبد العزيز, IA 68317",West سيف الدّينport,Georgia,60180,(555)913-9842x6620,wlkhrfy@example.org,Antigua and Barbuda,جواز سفر,755-08-4762,2019-02-11
190,مياس,آل عواض,1981-12-21,ذكر,"9361 كانو Grove Apt. 092
الحجارmouth, OR 22615",آل سلطانmouth,Nevada,45838,(760)691-5823,al-bn-lfybdllh@example.org,Somalia,جواز سفر,276-72-2960,2019-12-19
191,نوّاف,آل بن لافي,1997-01-07,ذكر,"47406 شربتلي Dale Apt. 975
آل الشيخberg, AL 68686",فصيلmouth,Oklahoma,20468,(835)530-7274x7145,lshyhykl@example.org,South Africa,بطاقة هوية وطنية,426-29-3056,2020-08-14
192,هيام,آل عواض,1963-05-23,أنثى,"766 نسيب Motorway
حجارbury, KS 99868",مسرورland,Iowa,22463,+1-571-969-3489,nwrh94@example.org,Malta,بطاقة هوية وطنية,896-48-7451,2017-12-14
193,قاصد,مهنا,2005-07-06,ذكر,"42465 ضحّاك Pike Apt. 578
Lake نوال, WY 05324",كانوfort,Montana,12606,+1-881-302-4475x306,tal-mhmd-bn-ly-bn-jmz@example.org,Barbados,جواز سفر,329-57-7904,2015-11-07
194,جمان,آل عواض,2000-05-04,أنثى,"379 الدباغ Via
عتيدside, AZ 24874",West معينville,Montana,96239,363.207.4597,zyd32@example.net,Israel,بطاقة هوية وطنية,677-90-1008,2024-08-04
195,مُتوكّل,الجفالي,1963-09-09,ذكر,"3174 كاملة Trail Suite 919
Lake أجوانmouth, MA 71292",زكيةbury,Delaware,90797,(960)284-4022x8525,al-bn-lfytj@example.com,Spain,بطاقة هوية وطنية,664-39-7704,2015-09-02
196,بارعة,آل محمد بن علي بن جماز,1985-04-23,أنثى,"054 آل مقطة Trace
العجلانburgh, CA 86530",South تمّامton,Oregon,97247,+1-578-804-4044x60372,mny85@example.net,Jamaica,بطاقة هوية وطنية,467-31-1027,2024-06-27
197,أزهار,حنبولي,1958-10-26,أنثى,"8525 شربتلي Port Apt. 304
East زينberg, NJ 52784",South عطاءberg,South Dakota,12166,+1-332-502-6283x911,zwt20@example.com,Syrian Arab Republic,بطاقة هوية وطنية,020-51-6415,2022-10-31
198,رسمي,بقشان,1979-12-13,ذكر,"17748 عرفان Fords
آل عواضfort, SC 70519",حنبوليstad,Iowa,81521,906-877-8060x291,rdwn75@example.org,Saint Martin,بطاقة هوية وطنية,230-62-9392,2022-01-24
199,عبد الرّزاق,الشايع,2006-12-28,ذكر,"1059 آل سعود Underpass Suite 496
خلدونton, VT 78934",New روبينside,Arkansas,66886,742.597.0117x59498,sbh27@example.com,Benin,بطاقة هوية وطنية,837-57-8827,2022-10-28
200,سبأ,آل قصير,1971-11-22,أنثى,"3034 محفوظ Squares Apt. 064
خضرstad, PW 36179",عبد الجليلborough,New Jersey,58967,+1-343-374-0069x58602,wsf83@example.net,French Guiana,بطاقة هوية وطنية,286-12-5458,2022-05-10
201,لوجين,شربتلي,1978-07-18,أنثى,"PSC 7901, Box 2847
APO AA 85871",آل عطفةside,Nevada,16446,598-482-0021x32531,ylkhrfy@example.com,Slovakia (Slovak Republic),جواز سفر,657-95-8300,2024-11-12
202,كبير,الدباغ,1990-11-05,ذكر,"Unit 6157 Box 5959
DPO AP 65280",South ليناview,Connecticut,09254,475-627-8550,uknw@example.com,Belize,جواز سفر,334-79-9728,2019-04-19
203,مشاري,آل حسين,2003-12-13,ذكر,"5300 حجار Key
New فؤادhaven, CO 05911",مفيدview,Washington,70444,456.681.4879x5261,bd-llym87@example.com,Serbia,جواز سفر,576-39-4583,2021-11-22
204,ريتاج,آل جعفر,1966-05-29,أنثى,"9640 الحجار Squares Apt. 054
Port فضلport, MD 59115",ريتالview,Massachusetts,81940,(600)336-3333,gzwnlhkyr@example.com,Lithuania,بطاقة هوية وطنية,260-63-4268,2024-12-31
205,ريف,حنبولي,1982-01-27,أنثى,"119 يسرى Fords
West ميّاد, LA 06767",Port محمّدberg,Indiana,56356,(227)545-8240x89644,msbh15@example.net,Bermuda,بطاقة هوية وطنية,565-86-7223,2018-01-14
206,سفير,حنبولي,1955-05-25,ذكر,"3877 وسام Circle
لهفانport, PA 50107",North مريم,California,85735,4187690335,pal-yd@example.net,Greenland,جواز سفر,135-18-2291,2022-08-01
207,صعب,المهنا,2003-08-16,ذكر,"0228 غالب Plains
عادلshire, WA 28507",New راجي,North Dakota,24925,4177412918,fdal-sltn@example.org,Spain,بطاقة هوية وطنية,479-41-8402,2021-05-01
208,ايمان,آل بن ظافر,1988-04-15,أنثى,"261 مُرسي Mount
North عتريسmouth, PW 96359",جالاtown,Connecticut,79187,801-671-5668,gmdlmhn@example.com,Pakistan,جواز سفر,473-47-9944,2018-04-12
209,زاخر,آل مقطة,1994-11-13,ذكر,"PSC 0685, Box 5041
APO AP 80821",أبا الخيلport,Maryland,40208,738-655-9616,tj-ldwynbn-ldn@example.net,Guam,جواز سفر,849-28-3539,2015-12-21
210,نوال,آل معيض,1961-03-08,أنثى,"88165 حسام Groves Suite 006
ناصر الدّينshire, WI 96741",العجلانborough,Massachusetts,26265,(369)549-9551x4838,yal-rfy@example.org,Chile,جواز سفر,315-15-9967,2025-03-10
211,راني,أبو داوود,1992-09-23,ذكر,"217 وسيم Plains
زيادbury, AL 19567",New هناء,Maine,29333,263.363.1374x70289,smh01@example.com,Chile,جواز سفر,433-58-8323,2024-09-26
212,محمود,الجفالي,1988-01-08,ذكر,"632 نضال Way
East هيكل, MN 44375",بن لادنmouth,Connecticut,77745,001-593-850-2988,hjryqwb@example.com,Japan,جواز سفر,200-39-8080,2015-11-27
213,سمير,الجفالي,1966-02-24,ذكر,"99597 عبد الرّحيم Drives Apt. 828
الحجارbury, PW 02913",وصافshire,Nebraska,89930,001-639-821-1153x2259,lkhrfymyl@example.com,Iran,جواز سفر,051-39-1837,2025-03-15
214,ناديه,المهنا,1971-04-23,أنثى,"630 العجلان Glen Suite 533
فصيلport, CO 44028",الشايعport,Iowa,03539,+1-574-863-7512x440,dal-yd@example.net,Senegal,جواز سفر,886-68-4173,2025-01-27
215,فطين,فصيل,1981-01-29,ذكر,"PSC 7120, Box 0679
APO AE 20054",العليانstad,Wisconsin,79797,001-208-418-7176,rshd07@example.net,Korea,جواز سفر,501-71-1792,2016-02-03
216,روعة,شربتلي,1996-12-31,أنثى,"13190 عبد الباقي Island
آل خضيرbury, RI 49258",آل سلطانside,Hawaii,07294,(702)720-4410x753,mrymbw-dwwd@example.net,Tanzania,بطاقة هوية وطنية,003-25-7127,2022-02-06
217,لورا,آل مقطة,1986-03-01,أنثى,"4794 عبد الرّزاق Valley
فصيلmouth, WI 33550",Lake ميار,South Carolina,61228,355.306.6313x38173,kal-bn-lfy@example.net,Equatorial Guinea,جواز سفر,470-87-7540,2017-09-08
218,صدّام,بن لادن,1966-06-11,ذكر,"PSC 4904, Box 6447
APO AP 30067",حاتمburgh,North Dakota,64976,+1-997-277-4177x2901,sbyh47@example.net,Tonga,جواز سفر,565-79-6464,2017-03-20
219,زاخر,الراشد,1980-12-19,ذكر,"408 جهراء Trafficway
طائعborough, DC 78948",North بثينة,New York,80253,(737)244-8546x26113,twlyn33@example.org,China,بطاقة هوية وطنية,617-37-3561,2016-07-18
220,هيكل,آل علي,1983-11-21,ذكر,"Unit 2174 Box 6107
DPO AP 20207",طائفborough,Georgia,80943,767-525-9157,zal-yd@example.com,Saint Vincent and the Grenadines,بطاقة هوية وطنية,690-05-0784,2017-03-31
221,شاطر,المهيدب,1970-09-16,ذكر,"PSC 9900, Box 2598
APO AE 10034",West مناف,Oklahoma,45283,(578)259-4370x02217,jfsyl@example.com,Botswana,بطاقة هوية وطنية,884-78-0165,2021-01-12
222,لتين,بقشان,1987-08-30,أنثى,"3844 حجار Mews
آل حسينburgh, NM 23334",Port مهنّدchester,Maine,68402,(799)704-4223x689,val-qsyr@example.org,Paraguay,بطاقة هوية وطنية,694-81-9437,2023-05-21
223,حسيب,حجار,1978-08-09,ذكر,"USCGC آل خضير
FPO AE 40988",New ديمهview,Wisconsin,28641,+1-808-364-6075x1511,kal-jfr@example.net,Montserrat,بطاقة هوية وطنية,662-37-7401,2021-07-23
224,وحيد,بن لادن,1965-08-28,ذكر,"29104 عابد Tunnel
New عبد الجليلland, TX 55426",آل بن لافيstad,South Dakota,67913,894-497-8823,al-wdshbn@example.net,Belarus,بطاقة هوية وطنية,537-26-3573,2019-05-01
225,وليد,الحكير,1980-06-10,ذكر,"USNV حنبولي
FPO AE 30940",West نوّارberg,Oklahoma,34795,874.912.3555x32348,mshry51@example.net,Morocco,جواز سفر,099-01-0845,2018-07-26
226,هند,بن لادن,1976-09-11,أنثى,"3611 آل قصير Trail Suite 177
حنبوليland, CA 76501",آل الشيخshire,Oregon,93888,706.589.6605,yqwtal-jfr@example.com,China,جواز سفر,718-90-2175,2022-09-20
227,سعدي,آل عواض,1989-02-24,ذكر,"0462 نشوة Club Apt. 920
Lake كمال, SD 92351",East لطوف,Iowa,25586,486.345.7960x955,al-hsynzky@example.com,Madagascar,جواز سفر,407-28-0377,2023-05-17
228,شادن,آل معيض,1965-08-18,أنثى,"8545 آل سلطان Court
عثمانville, PR 85340",South ديمه,Missouri,02780,237.660.0720,zmyal-khdyr@example.org,Botswana,بطاقة هوية وطنية,022-68-7667,2021-07-05
229,أسيل,آل علي,1978-02-11,أنثى,"672 حنبولي Harbor Apt. 447
الخرافيland, WA 46504",Lake صقرchester,Minnesota,31868,384.205.4089x2282,mynb-lkhyl@example.com,Brazil,بطاقة هوية وطنية,476-44-9616,2024-05-27
230,كوثر,آل قصير,1968-09-21,أنثى,"672 آل محمد بن علي بن جماز Fall
West ضياءton, OH 88238",Lake رشديview,Alabama,85458,(862)644-0259,bd-lmwl49@example.net,El Salvador,جواز سفر,414-74-5573,2021-07-01
231,ليث,العليان,1989-08-11,ذكر,"786 شاكر Route
New صهيب, MP 86992",North ترف,Alabama,72730,001-621-765-7119x88615,sqral-khdyr@example.net,Egypt,بطاقة هوية وطنية,344-14-5983,2022-07-15
232,فالح,المهيدب,1966-07-13,ذكر,"0431 آل سعود Village
حنبوليchester, MS 14414",آل عواضside,North Carolina,70220,001-358-976-9802x11374,jylnal-hsyn@example.net,Georgia,بطاقة هوية وطنية,128-09-6875,2022-08-11
233,بلسم,آل العسكري,1973-03-06,أنثى,"485 صدّام Corners Apt. 570
عزميville, AR 75467",كانوland,Missouri,47288,(543)286-7581,tmral-ly@example.net,Saint Pierre and Miquelon,بطاقة هوية وطنية,723-23-2784,2019-06-04
234,عبد القادر,الجابر,2006-08-01,ذكر,"USS مهنا
FPO AA 39210",المغاولةfort,South Carolina,58498,(519)202-3720,fsylwyl@example.net,Mongolia,بطاقة هوية وطنية,427-15-8068,2022-10-10
235,نور الحقّ,بقشان,1975-08-15,ذكر,"98011 يافع Turnpike
الحجارmouth, NY 23591",شافعfurt,Oregon,47374,+1-659-415-7037x621,llynryfl@example.net,Central African Republic,بطاقة هوية وطنية,744-43-1719,2019-06-10
236,ميار,المهيدب,1989-05-28,أنثى,"591 الحجار Field Apt. 286
New نشوة, AK 15468",New يانعfurt,Nevada,01038,+1-490-291-1795x206,myswnal-hsyn@example.com,Portugal,جواز سفر,431-88-1042,2018-06-09
237,روفيدا,الدباغ,1981-06-17,أنثى,"5978 حنبولي Fort Apt. 382
North بنانport, GA 31017",North مَجدي,Kentucky,35128,809-680-2508x274,sbry25@example.net,India,بطاقة هوية وطنية,207-94-9633,2016-01-25
238,فلاح,آل صفوان,1960-12-16,ذكر,"14625 المغاولة Islands Suite 061
فصيلland, LA 40701",Port حسنين,Pennsylvania,14660,208.885.6613,al-lskryjryr@example.org,Mauritania,بطاقة هوية وطنية,448-38-0914,2022-05-11
239,عزّ الدّين,العليان,1987-12-16,ذكر,"468 نوّار Views Apt. 720
East نشوان, PR 73908",North ضرغامberg,Wisconsin,65370,001-992-840-3948x788,mhnnyl@example.org,Mozambique,بطاقة هوية وطنية,031-01-5823,2025-02-06
240,جيلان,آل خضير,1986-10-08,أنثى,"1666 مرتضي Stream
West بهاء, WY 28385",ثامرborough,Indiana,18991,434.412.3940,llyntmym@example.com,Afghanistan,جواز سفر,350-39-2070,2023-06-18
241,ليساء,آل عطفة,1961-07-17,أنثى,"96269 بقشان Course Suite 264
South خالدtown, WV 64143",رائفborough,North Carolina,05660,5832248038,nlmgwl@example.net,Philippines,بطاقة هوية وطنية,592-66-4467,2020-07-14
242,صقر,آل رفيع,2005-08-24,ذكر,"2048 حسين Alley
North نجم الدّين, PR 68103",يسارmouth,Arkansas,74869,291-639-9752x2123,bn-ldnhjr@example.com,Palestinian Territory,جواز سفر,859-55-4241,2019-02-14
243,محجوب,الحجار,1979-04-25,ذكر,"496 آل قصير Circle Apt. 118
مظهرside, MT 44510",South نصر الدّين,Delaware,75223,833.649.8271,ylmhn@example.net,Monaco,بطاقة هوية وطنية,684-73-9346,2024-03-31
244,تاليا,آل خضير,1998-02-11,أنثى,"4459 ثائر Oval Suite 027
Port رابح, MN 86972",West شجاع,Texas,06512,+1-789-968-9479x82272,elhjr@example.com,Samoa,بطاقة هوية وطنية,081-07-1726,2018-02-20
245,يارا,حنبولي,1993-05-22,أنثى,"48297 ضياء View
New نادرfort, WI 97704",آل صفوانville,Tennessee,26520,+1-701-703-2637x4263,bqshnshhd@example.org,Serbia,جواز سفر,369-94-4959,2021-06-30
246,يسرى,الجابر,1959-05-21,أنثى,"96003 خضر Villages
East عدنان, MH 03195",New أريجmouth,Delaware,38620,737.606.4703x70978,frdwslshy@example.com,Ireland,بطاقة هوية وطنية,861-16-6190,2020-04-07
247,مسعود,الحجار,1981-01-23,ذكر,"9819 زهير Landing Suite 276
عبد السّميعburgh, SC 03640",كانوhaven,Arkansas,90382,001-222-746-7870,myn46@example.org,Costa Rica,بطاقة هوية وطنية,337-57-9796,2021-08-14
248,هاجر,آل حسين,1956-09-03,أنثى,"261 آل صفوان Haven Apt. 857
ظبيville, WV 18561",North ساجد,Hawaii,99629,+1-360-739-3465x206,ullyn@example.com,Cameroon,جواز سفر,626-73-0661,2021-09-28
249,حنفي,بن لادن,2006-10-27,ذكر,"6485 وفاء Roads
New طالبville, MS 61148",كاسرfurt,New Hampshire,82528,+1-984-819-5280x270,shyl91@example.net,Pitcairn Islands,بطاقة هوية وطنية,209-40-8806,2022-04-22
250,زاخر,بن لادن,1965-04-11,ذكر,"6985 آل محمد بن علي بن جماز Landing Suite 309
Lake لقاءmouth, VI 35197",جعفرburgh,Alabama,40781,001-435-687-9674,fbqshn@example.net,Brunei Darussalam,بطاقة هوية وطنية,210-59-4411,2019-07-18
251,عمير,آل علي,1978-03-10,ذكر,"31674 غانم Plains Apt. 972
ناجيville, WV 14270",الحجارfort,South Dakota,35683,510.993.4179,hal-mhmd-bn-ly-bn-jmz@example.org,Taiwan,جواز سفر,538-29-9231,2020-08-31
252,فرحان,آل قصير,1983-09-12,ذكر,"57877 وريد Lane
الحجارland, VI 86099",مياسstad,Nevada,57393,+1-711-441-7861,mjd43@example.org,Iraq,بطاقة هوية وطنية,580-06-1605,2024-12-29
253,لبيب,آل رفيع,1993-01-05,ذكر,"08803 شعبان Harbor
آل معيضmouth, PW 94066",غطفانchester,Colorado,89096,001-392-927-7757x0147,mqdmhjr@example.org,El Salvador,بطاقة هوية وطنية,827-77-9939,2022-05-15
254,مروان,كانو,1999-02-27,ذكر,"41914 المهنا Meadows
عمادfurt, GU 61850",South قبسland,Utah,17994,(791)788-0294x651,lhjrrhyb@example.org,Christmas Island,جواز سفر,824-83-7891,2017-04-06
255,يسرى,فصيل,1964-07-14,أنثى,"Unit 4356 Box 0503
DPO AA 74288",لتينberg,Nebraska,12436,001-398-364-3401x7676,zlshy@example.net,France,جواز سفر,046-57-5354,2017-08-05
256,جهراء,آل عطفة,1957-01-02,أنثى,"0664 آل خضير Fort Apt. 784
رشديfort, NC 08995",North يونس,South Dakota,01845,521.275.4030,ljflydwy@example.com,Sri Lanka,بطاقة هوية وطنية,215-59-9182,2018-12-13
257,نبيل,العليان,1975-05-18,ذكر,"75161 آل بن لافي Prairie
شعلانbury, DC 73888",آل مقطةborough,Tennessee,31092,423-485-0901,ndhyr31@example.org,Aruba,جواز سفر,510-79-8367,2015-08-17
258,عبد الحفيظ,كانو,1987-12-11,ذكر,"395 ميثاق Neck Apt. 571
South ريمان, IA 06513",South عبدالله,Missouri,38672,001-344-263-3502x918,gzwnllyn@example.org,Central African Republic,بطاقة هوية وطنية,269-96-4139,2018-03-06
259,سفير,الحجار,1971-01-15,ذكر,"5192 صارم Causeway
West سهوانton, WY 77194",West خافق,Georgia,33160,851.406.7949x8162,yzyd42@example.net,Tunisia,بطاقة هوية وطنية,573-40-8536,2022-09-21
260,عصام,العقيل,1972-10-03,ذكر,"78289 عقيل Park
West رستم, AS 22025",وسيلside,New Mexico,97083,861.343.4450x2733,wrydlrshd@example.net,Australia,جواز سفر,165-01-3071,2018-01-31
261,ليساء,شربتلي,1991-07-23,أنثى,"685 آل رفيع Village
رخاءport, MD 87120",North مشرف,South Dakota,34133,869-506-7438x43842,al-tfkhmys@example.com,Heard Island and McDonald Islands,بطاقة هوية وطنية,854-31-1548,2023-01-28
262,لورين,آل محمد بن علي بن جماز,1966-07-24,أنثى,"71736 نجم الدّين Port Suite 702
آل عطفةchester, DC 91852",آل عليville,Colorado,37907,(721)320-4667x21615,hkym41@example.com,United States Minor Outlying Islands,جواز سفر,226-88-8478,2016-08-02
263,أسرار,الجابر,1991-03-08,أنثى,"04318 كانو Oval Apt. 741
ظهيرburgh, ND 59746",آل سعودland,Maryland,04192,284.271.0365,tyqal-lskry@example.org,Chile,جواز سفر,374-45-5667,2016-08-25
264,ضحى,آل حسين,1973-12-17,أنثى,"153 آل بن لافي Ferry Apt. 350
Lake طه, AL 71494",South سعودchester,Kentucky,75043,001-522-597-1056x433,whydal-jfr@example.org,Barbados,جواز سفر,418-99-9622,2016-04-15
265,مقدام,الخرافي,1986-10-03,ذكر,"1725 آل عطفة Via Suite 232
New صدّاحview, VI 38738",عبد العزيزchester,New Mexico,31342,001-599-707-6002x8364,khldknw@example.org,Slovenia,بطاقة هوية وطنية,730-50-7595,2020-07-11
266,نشوة,حنبولي,1964-04-29,أنثى,"295 المشاولة Springs
عاقلmouth, NJ 04346",Lake عبد الخالقmouth,Michigan,46414,+1-999-759-8244,al-swdmrym@example.net,Solomon Islands,بطاقة هوية وطنية,383-19-0559,2021-04-13
267,اعتماد,المشاولة,1978-08-28,أنثى,"221 آل معيض Green
مهناland, VI 02699",Port يسري,Idaho,97317,484-992-8619x43603,gzyr57@example.org,Namibia,جواز سفر,381-56-4218,2018-02-05
268,ضحى,المغاولة,1997-05-10,أنثى,"4602 ثقيف Fork Suite 104
العقيلland, TX 17607",Lake عبد الإله,Washington,62695,525-438-4389x7733,ndlal-sltn@example.org,Guam,جواز سفر,689-84-7565,2019-04-09
269,محفوظ,آل جعفر,1954-09-25,ذكر,"9412 راما Walks Apt. 693
شاملstad, TN 73716",New فائقberg,New Hampshire,85238,+1-898-551-3544x3795,fal-yd@example.org,Guinea-Bissau,جواز سفر,614-58-9088,2018-09-06
270,أغاريد,شربتلي,1994-02-10,أنثى,"64338 آل سعود Landing
New فداء, IL 66613",East مشرق,Nevada,58884,825.999.0440,bqshndny@example.org,Martinique,بطاقة هوية وطنية,435-15-1664,2024-07-21
271,هايل,فصيل,1990-11-24,ذكر,"005 المشاولة Mill
North ضاحكport, PR 60705",الدباغberg,Idaho,92747,543-218-7855x267,rdyal-sltn@example.org,United States Minor Outlying Islands,بطاقة هوية وطنية,163-25-7912,2020-10-16
272,جنى,آل خضير,1962-06-26,أنثى,"9268 الجفالي View
كارمberg, IL 51281",South عبد الجبّار,Montana,95955,6742742623,tbwldbg@example.com,Malta,جواز سفر,564-33-0580,2022-04-08
273,جوين,آل معيض,1990-02-24,أنثى,"30387 لقمان Expressway
حسينfort, LA 16362",جريرstad,Nebraska,49125,368.352.3462,fal-wd@example.org,Monaco,جواز سفر,413-58-5723,2017-03-08
274,ريان,آل عايض,1979-03-14,أنثى,"17986 بن لادن Oval Suite 998
العقيلville, KY 46985",North رائد,Louisiana,55307,5185548375,lmhnthmr@example.net,Senegal,جواز سفر,553-52-5410,2022-07-03
275,راشد,آل بن ظافر,1994-05-26,ذكر,"6207 منيع Glen Suite 753
Lake طلعتville, CO 38584",الشايعport,Colorado,15755,4158120723,glkhrfy@example.com,Niger,جواز سفر,808-50-9879,2015-08-21
276,ابتكار,الجابر,1982-03-08,أنثى,"621 كانو Stravenue Apt. 541
East حسنين, IL 67128",سرحانchester,Rhode Island,03618,851-586-0948x96236,vlmgwl@example.org,South Africa,بطاقة هوية وطنية,188-28-9793,2017-04-21
277,إباء,آل علي,1983-03-20,أنثى,"7696 محمود Village Suite 389
ضحّاكfurt, KY 03214",South اعتماد,Tennessee,79376,001-210-427-3308x2886,vlmhydb@example.net,Monaco,جواز سفر,058-37-3201,2024-01-31
278,ريّان,آل معيض,1970-01-13,ذكر,"0615 فاروق Parks
آل بن ظافرstad, WI 52046",New مرتضي,Vermont,07910,251-708-6207,trysldbg@example.com,Uruguay,بطاقة هوية وطنية,237-89-2450,2023-03-02
279,عفيف,حنبولي,1989-09-14,ذكر,"222 آل معيض Hill
سعدونtown, LA 08491",آل سلطانborough,Tennessee,09424,825.559.5926x556,mnswral-yd@example.net,New Zealand,جواز سفر,205-77-5994,2025-06-08
280,مؤيّد,الحكير,2002-04-18,ذكر,"Unit 3064 Box 2702
DPO AA 50958",Port سليمانstad,Pennsylvania,22970,200.268.0297x7955,yal-myd@example.com,Chad,جواز سفر,664-86-2269,2024-05-29
281,مجد,الراشد,2006-07-02,ذكر,"1859 أبا الخيل Points
Lake عبدالرّحمنmouth, VI 58487",Port سائد,Massachusetts,61887,300-549-3734,hzr98@example.net,Venezuela,بطاقة هوية وطنية,787-40-1836,2024-08-15
282,حلا,الشايع,1982-02-08,أنثى,"Unit 2106 Box 3029
DPO AP 77955",شهابchester,North Carolina,29344,(303)478-1029x039,al-mqtnyl@example.net,Seychelles,بطاقة هوية وطنية,479-11-4535,2016-07-01
283,هنادي,آل العسكري,1961-11-10,أنثى,"192 لطفي Well
South مُرسي, MI 15644",North افتكارville,Vermont,73434,(400)815-4229x5231,zhy72@example.org,Montserrat,جواز سفر,774-18-0897,2024-01-24
284,جهراء,آل محمد بن علي بن جماز,1956-01-17,أنثى,"17729 ميرا Stream Suite 875
آل رفيعmouth, UT 31870",Port سبأhaven,Kentucky,12015,697.625.8926x956,yqwb89@example.net,Lesotho,جواز سفر,274-74-2121,2023-04-13
285,فؤاد,آل بن لافي,1986-06-25,ذكر,"082 العليان Wells
Port شوقيside, WI 26265",East كايد,Idaho,21555,386.678.7160x74930,rshdal-rfy@example.com,Serbia,جواز سفر,619-13-1025,2018-11-24
286,جودي,آل علي,2006-04-22,أنثى,"Unit 7199 Box 7402
DPO AP 44856",الخرافيmouth,Idaho,47299,001-693-486-0416x289,cal-mhmd-bn-ly-bn-jmz@example.com,Belarus,بطاقة هوية وطنية,169-62-0053,2017-08-10
287,زكي,شربتلي,1984-06-12,ذكر,"Unit 6406 Box 8228
DPO AE 41490",عبد المجيدburgh,Virginia,07847,6375096374,ghnbwly@example.org,Montenegro,بطاقة هوية وطنية,128-47-4327,2019-04-10
288,فوزي,آل بن لافي,1958-02-23,ذكر,"31642 سعدون Port
ظبيburgh, NV 51797",المهناton,Massachusetts,23056,(646)967-1083x73739,rwal-qsyr@example.net,Senegal,بطاقة هوية وطنية,126-53-2397,2017-07-16
289,آيات,مهنا,2001-05-22,أنثى,"571 شافع Harbor
بثينةshire, CT 29780",شيّقstad,Alabama,34785,(219)922-3568,lqylmhyb@example.org,Tanzania,جواز سفر,264-59-6818,2018-06-05
290,نديم,فصيل,1955-05-25,ذكر,"2710 آل سعود Bypass
وريدshire, MP 29333",أبا الخيلstad,Montana,96650,(488)212-2798x60550,rwbyn37@example.com,Uzbekistan,جواز سفر,133-31-1251,2022-09-29
291,بلند,العقيل,2005-06-30,أنثى,"25590 يحيى Vista
East يمام, OK 02601",محمودhaven,Wyoming,16018,256-411-7738x477,wlqyl@example.com,Philippines,جواز سفر,815-47-1071,2023-04-19
292,زغلول,حنبولي,1955-09-12,ذكر,"1565 بن لادن Spurs Apt. 876
كنعانmouth, NE 75521",آل حسينberg,New Mexico,86545,307.836.7139x801,ndhyrljbr@example.com,Dominica,بطاقة هوية وطنية,167-04-5692,2022-07-21
293,عدلي,آل مقطة,1976-02-02,ذكر,"20678 صدر الدّين Cliff Apt. 645
آل العسكريborough, ID 15699",زكيshire,Tennessee,03061,271.843.8059x29067,mhnlhfn@example.org,Saint Martin,بطاقة هوية وطنية,617-56-0831,2017-01-05
294,معمّر,بن لادن,1979-07-15,ذكر,"241 آل صفوان Port Suite 909
عبد الخالقmouth, MA 92146",New عمادton,Maryland,56486,+1-325-741-8970x3477,al-mhmd-bn-ly-bn-jmzdhyb@example.org,Maldives,بطاقة هوية وطنية,051-33-4309,2019-03-19
295,ناصر,آل عواض,2003-12-24,ذكر,"34692 هاجر Burgs Apt. 000
عطاءville, TX 64499",North تمّام,Washington,12929,(399)314-0213x440,qsyal-lshykh@example.net,Tunisia,جواز سفر,454-29-9871,2019-05-16
296,ابتهال,الدباغ,1989-08-28,أنثى,"Unit 6913 Box 4077
DPO AP 36215",رفيقfort,Connecticut,32513,385.486.6600,mmdwh41@example.net,Hungary,جواز سفر,002-71-8462,2022-10-14
297,رزين,آل بن لافي,1962-10-24,ذكر,"9340 الحجار Manor
هلالside, DE 85526",مسرورborough,Idaho,35576,001-899-288-0924x99265,ljlnkshf@example.org,China,جواز سفر,353-90-9256,2024-07-12
298,دعاء,أبا الخيل,1965-09-19,أنثى,"5460 ناضر Fork
آل مقطةside, PA 66749",داوودshire,Oklahoma,77758,(245)291-3642,lmhnlm@example.org,Ethiopia,جواز سفر,054-56-8344,2024-05-23
299,علاء الدّين,أبا الخيل,1988-06-22,ذكر,"001 آل رفيع Mews Apt. 374
South حاتمville, OK 17998",Lake ميسونmouth,Tennessee,26250,2803709726,ldbgwlyd@example.org,France,جواز سفر,590-57-7398,2023-01-19
300,ألين,آل عايض,1968-06-30,أنثى,"PSC 4377, Box 0848
APO AP 02769",شادنport,New Hampshire,28056,001-437-350-2190x44071,rft32@example.org,Western Sahara,جواز سفر,027-72-1458,2021-11-02
301,جواهر,أبو داوود,1967-12-17,أنثى,"22857 المغاولة Neck Apt. 425
New قصيد, SD 65813",أبو داوودstad,Kansas,36947,+1-988-464-6365x93475,al-tfknn@example.com,Mayotte,جواز سفر,159-22-7731,2018-03-26
302,شهاب,الشايع,2001-06-25,ذكر,"080 المهيدب River Suite 471
آل خضيرton, NV 10109",المهناtown,California,25891,453.263.1092x7033,wsf64@example.net,Hong Kong,بطاقة هوية وطنية,770-41-4054,2024-09-27
303,سنام,الحكير,1990-08-16,ذكر,"2202 عبد الحكيم Trace
قطزstad, WA 67021",West نشوة,Nevada,82264,001-229-704-4386x503,qys71@example.net,Aruba,جواز سفر,689-11-0016,2017-04-10
304,عبد الحكيم,آل سعود,1998-05-18,ذكر,"5404 فصيل Groves
Lake لمّاحhaven, TN 57706",فداءport,Idaho,88516,(359)498-5463,qlmhn@example.org,Kuwait,بطاقة هوية وطنية,142-50-2802,2016-02-13
305,فائق,الجابر,1967-02-13,ذكر,"8712 آل محمد بن علي بن جماز Ways
آل عطفةmouth, MA 33668",هيكلbury,Arizona,40464,001-613-355-6358x125,zhrn61@example.net,Jamaica,بطاقة هوية وطنية,262-43-3788,2022-02-04
306,عبد القهّار,الخرافي,1975-02-13,ذكر,"16977 جرّاح Manors Suite 696
آل محمد بن علي بن جمازberg, MT 38084",آل حسينborough,Montana,03326,(614)664-8886,plhjr@example.net,Christmas Island,بطاقة هوية وطنية,204-25-5918,2017-06-23
307,باسمة,العقيل,1978-08-04,أنثى,"3880 آل سعود Ways Apt. 260
رجائيhaven, KY 22000",North خاطرview,Oregon,34196,505-708-7078,mrtqy62@example.org,Moldova,جواز سفر,382-95-3711,2022-01-09
308,جواهر,العقيل,1955-07-29,أنثى,"65513 شادن Mount
New ضاحك, WY 88524",طيّعland,California,12562,001-225-204-0427,mzhrljfly@example.org,Azerbaijan,جواز سفر,829-78-3192,2015-07-27
309,لفيف,آل معيض,1979-12-24,ذكر,"4776 آل العسكري Isle Apt. 487
مهنّدburgh, MO 26317",East زايدborough,Rhode Island,46842,963-771-6731x86577,rjh80@example.net,Thailand,جواز سفر,125-26-3628,2023-06-26
310,عبّاس,آل قصير,1977-06-08,ذكر,"97542 ضحى Row Suite 181
العجلانfort, NH 45732",Lake بيلسانside,Vermont,56230,001-556-357-3306x94792,mhrnal-sltn@example.com,Faroe Islands,جواز سفر,251-18-1340,2024-02-09
311,ميسور,آل علي,2006-02-15,ذكر,"947 الجفالي Ranch Suite 472
Lake عادل, MS 27869",North شادنfort,Connecticut,20368,277-720-0178,al-jfrblnd@example.org,Mongolia,بطاقة هوية وطنية,764-24-3671,2020-12-04
312,لاما,العليان,1961-07-27,أنثى,"3718 رجاء Port Apt. 026
آل عواضshire, MS 11751",South إخلاص,Indiana,95707,(631)708-7244,blnd28@example.com,Falkland Islands (Malvinas),بطاقة هوية وطنية,882-20-5833,2021-02-28
313,أناهيد,آل بن لافي,1971-02-07,أنثى,"9515 آل عطفة Landing Apt. 456
West بيلسانton, LA 84969",South حنبلview,Oregon,90670,787-236-8040x8345,qb-lkhyl@example.org,Egypt,جواز سفر,474-08-4928,2016-02-02
314,رئيس,أبا الخيل,1959-07-30,ذكر,"Unit 7402 Box 8648
DPO AP 85667",العليانmouth,Mississippi,72491,566-857-4869x539,mrwal-sltn@example.com,Monaco,جواز سفر,040-05-8194,2019-05-24
315,عامر,آل جعفر,1991-03-06,ذكر,"49531 لارا Roads Suite 414
South فادي, CA 51292",المهيدبmouth,Louisiana,34353,(332)852-4112x037,rytl70@example.com,Senegal,جواز سفر,119-92-1951,2022-08-05
316,جمان,آل خضير,1976-01-01,أنثى,"8967 المغاولة Shores
East قطب, TN 23281",North بهيةmouth,Nebraska,84472,(885)989-3809x3860,al-mydmkhls@example.net,Cameroon,بطاقة هوية وطنية,466-87-4632,2025-07-17
317,ابتكار,العجلان,1965-03-14,أنثى,"5910 بن لادن Isle
آل مقطةfurt, AL 12092",New منسيshire,Florida,82689,(460)418-9625,bal-lskry@example.com,Botswana,بطاقة هوية وطنية,104-33-3869,2022-09-07
318,ياسمين,أبا الخيل,1970-09-12,أنثى,"092 ميار Burg Apt. 437
New عتيق, SC 99843",الجابرside,Kentucky,75147,+1-549-549-9499x2288,mythqbqshn@example.com,China,جواز سفر,053-10-8426,2021-06-24
319,ابتهاج,آل بن ظافر,1956-11-30,أنثى,"686 الجفالي Mews
New قصيدburgh, CT 25021",آل سعودland,Arizona,30837,(713)448-0675x693,ql96@example.org,Netherlands Antilles,بطاقة هوية وطنية,769-93-1043,2022-07-30
320,ضياء,العقيل,1991-06-20,أنثى,"50586 جودي Ranch Apt. 829
South فاتحbury, MA 48896",آل خضيرborough,Wisconsin,75085,001-256-711-2336x559,lhjrbylsn@example.net,Swaziland,بطاقة هوية وطنية,439-23-1623,2023-03-07
321,جوانا,آل سعود,1966-02-17,أنثى,"PSC 8492, Box 1253
APO AE 46177",مقدامfurt,Georgia,01166,274.639.3041x962,mrdlmhydb@example.net,Ireland,جواز سفر,559-51-4831,2018-11-01
322,كمال,الشايع,1974-05-29,ذكر,"47027 الخرافي Center Apt. 030
South معين, SD 45313",عرفاتhaven,Alaska,65110,495.961.9748x329,lyn56@example.com,Bahamas,بطاقة هوية وطنية,153-99-3947,2024-07-30
323,جوريّة,الدباغ,2004-01-28,أنثى,"653 ليساء Shoal Suite 888
آل بن لافيburgh, RI 41619",آل عليhaven,California,88705,+1-773-682-6105x024,blmshwl@example.com,Botswana,جواز سفر,668-14-8337,2017-03-30
324,ساجي,آل صفوان,1986-03-22,ذكر,"PSC 3446, Box 4352
APO AE 34292",Port رجب,California,82325,001-518-723-4364x90453,lmhnl-ldwyn@example.org,South Georgia and the South Sandwich Islands,جواز سفر,401-82-4056,2017-04-29
325,نديم,أبو داوود,1957-04-04,ذكر,"4071 عثمان Streets Suite 875
Lake جواهر, VT 44517",ناصيفbury,North Dakota,90104,209.361.0070x356,phjr@example.com,New Zealand,بطاقة هوية وطنية,199-03-0011,2022-09-08
326,وديع,آل سلطان,2002-09-16,ذكر,"7043 الخرافي Extensions
عبدالرّحمنshire, WY 45270",شربتليview,Alaska,99738,001-682-823-9301x257,ndllrshd@example.org,Mexico,بطاقة هوية وطنية,384-81-0452,2018-05-18
327,خضر,العقيل,1986-11-30,ذكر,"31144 كرمة Parkway
New ديسم, MS 35213",North فايد,Hawaii,87330,355.304.9889,al-mhmd-bn-ly-bn-jmzrstm@example.org,Argentina,جواز سفر,414-48-9798,2024-04-21
328,قاصد,آل الشيخ,1999-09-18,ذكر,"1086 آل قصير Place Apt. 761
West فيّاضborough, VA 23236",آل خضيرfort,California,13352,001-722-968-2732x610,jwnal-jfr@example.org,Korea,جواز سفر,608-14-0228,2021-08-26
329,حمود,آل بن لافي,1991-05-31,ذكر,"258 زين Road
North وديعshire, UT 27578",Lake عبد العليم,Minnesota,12726,278-447-1715,njyal-tf@example.net,Cape Verde,بطاقة هوية وطنية,339-95-1996,2017-12-25
330,دعاء,آل بن لافي,1983-06-07,أنثى,"USCGC بقشان
FPO AE 20034",South فتوحburgh,North Dakota,78657,(239)494-5986,tal-lshykh@example.net,French Guiana,جواز سفر,026-73-3678,2020-03-06
331,خلف,المغاولة,2007-03-22,ذكر,"8411 نائل Parkways
الجفاليport, MS 45250",أبا الخيلtown,Montana,89113,001-949-388-0603,lmwh10@example.com,Ethiopia,بطاقة هوية وطنية,284-22-8029,2021-10-14
332,جوليا,الشايع,1962-07-27,أنثى,"05455 مُنجد Squares Suite 053
East دؤوب, NH 79158",South عادلview,Utah,43223,321-403-9212x081,hal-mhmd-bn-ly-bn-jmz@example.com,Monaco,بطاقة هوية وطنية,031-65-7766,2017-03-05
333,شامل,حجار,1977-01-11,ذكر,"593 ظاعن Prairie
العليانfort, PW 32786",لاراbury,Maine,89231,(606)994-2357,hlmhydb@example.net,Malaysia,جواز سفر,741-96-6258,2022-09-24
334,ريما,العجلان,1971-07-26,أنثى,"63832 آل بن ظافر Creek
Lake نبيلborough, ND 74974",المهناburgh,Vermont,31871,(629)516-7333,fljfly@example.com,Angola,بطاقة هوية وطنية,333-34-5343,2019-04-02
335,هند,الخرافي,1968-12-14,أنثى,"531 زيدان Parkway
Port توفيقfort, PA 01580",روباtown,Idaho,92906,+1-866-831-7690x4493,kmllkhrfy@example.org,Kenya,جواز سفر,390-70-5938,2019-06-13
336,آيات,آل الشيخ,2007-07-15,أنثى,"710 جميل Fall
كرمside, MP 14269",Lake زاهر,New Jersey,58289,847-943-9107x327,hd89@example.com,Thailand,بطاقة هوية وطنية,770-21-1749,2017-06-03
337,ريمان,آل جعفر,2000-08-25,أنثى,"6098 وادع Square
South رضيville, OR 64157",بقشانfort,Vermont,66224,001-662-475-4974x4651,bn-ldnjl@example.com,Mayotte,بطاقة هوية وطنية,771-17-5240,2017-04-07
338,سهل,الجابر,1996-09-06,ذكر,"929 ياسر Extension Suite 941
العجلانstad, AR 02190",عمروshire,Indiana,54461,(879)668-7921x45566,munjdlmhn@example.org,Falkland Islands (Malvinas),جواز سفر,828-48-7889,2019-04-26
339,عبد الرّحيم,آل سعود,1987-12-11,ذكر,"83534 المغاولة Trail Suite 732
نوريland, CT 73634",فضلhaven,Hawaii,07565,+1-365-326-6783,dhnbwly@example.net,South Georgia and the South Sandwich Islands,بطاقة هوية وطنية,296-95-6850,2019-11-13
340,وجيه,آل سلطان,1971-03-28,ذكر,"USS آل مقطة
FPO AE 40406",South وفيق,Georgia,79754,+1-748-927-1509x7264,rf69@example.com,Moldova,بطاقة هوية وطنية,729-19-3410,2016-09-26
341,أروى,المشاولة,1972-02-12,أنثى,"17841 سراج الدّين Manor
المهيدبside, KY 69215",West نزار,Iowa,37045,4985907555,qfsyl@example.org,Egypt,بطاقة هوية وطنية,839-38-8725,2016-11-07
342,غيداء,العجلان,2003-07-30,أنثى,"1364 آل الشيخ Stravenue Apt. 696
رافعstad, AL 50295",North عمروburgh,North Carolina,46959,(295)679-7529x229,shrbtlyjlnr@example.com,Cambodia,بطاقة هوية وطنية,744-38-4768,2016-07-27
343,رخاء,شربتلي,1986-02-07,ذكر,"51753 رافع Track Suite 730
بن لادنborough, NE 68356",Lake صافي,Utah,63280,878.779.0930x82554,lmhydbnyl@example.org,Estonia,بطاقة هوية وطنية,404-61-7287,2023-11-10
344,ميسون,فصيل,1974-09-16,أنثى,"0253 مُنذر Place Suite 640
South زهديbury, NH 61610",Lake عبد الباقي,Utah,09219,798.983.8309,al-sltnayt@example.net,Malawi,بطاقة هوية وطنية,371-57-5582,2023-11-06
345,عبد الكريم,المهنا,1972-02-27,ذكر,"91002 آل محمد بن علي بن جماز Parkway Suite 070
West رشاد, VI 07097",South ممتازchester,Vermont,94092,(322)284-1081x8844,dhwk96@example.org,American Samoa,بطاقة هوية وطنية,701-30-9270,2023-07-05
346,باهرة,الجابر,1972-05-28,أنثى,"Unit 5075 Box 9686
DPO AA 36541",العليانshire,Mississippi,87707,789.444.9115,ybn-ldn@example.org,Moldova,بطاقة هوية وطنية,126-12-4918,2018-03-23
347,روفيدا,آل خضير,2006-02-20,أنثى,"53845 ربيع Branch Suite 122
East خليل, MN 36390",ناصرton,Washington,19654,318.382.1450x64107,hjrhd@example.net,Trinidad and Tobago,جواز سفر,608-35-7052,2016-05-13
348,سالم,العليان,2005-03-14,ذكر,"7119 واصل Circles Suite 381
West غانم, NV 96252",Port بوران,Arkansas,63141,+1-889-416-9754x826,dal-ly@example.org,Malta,جواز سفر,813-98-3902,2019-05-23
349,اصيل,فصيل,1983-01-20,أنثى,"5376 شادن Bridge
North عبد المولىport, WI 85008",Port نائل,Idaho,84823,+1-630-295-5142x1314,hyl00@example.com,Ireland,بطاقة هوية وطنية,356-68-6116,2025-03-03
350,سلسبيل,أبا الخيل,1984-05-25,أنثى,"17147 قصي Passage Suite 812
South مجدmouth, TN 61894",مهناstad,Montana,77882,875-610-1718x5266,aljln@example.org,Greenland,بطاقة هوية وطنية,542-50-2702,2022-05-02
351,أسرار,مهنا,1963-10-02,أنثى,"995 آل عواض Street
New قصي, SC 55226",East خاطرtown,Montana,76507,(386)603-5496x584,sdwh53@example.com,Guinea-Bissau,جواز سفر,357-69-5841,2019-09-07
352,زكي,المهيدب,1957-10-29,ذكر,"78428 مسلم Parkway
آل سلطانton, AR 65913",آل الشيخbury,California,52965,001-488-839-3897x257,al-swdsdwh@example.com,Norway,جواز سفر,053-18-4754,2019-02-25
353,باسمة,آل سعود,1998-10-14,أنثى,"702 الشايع Garden Apt. 144
Lake مُنجدside, SD 86580",Lake حافظchester,Minnesota,80229,+1-628-850-6540,krmal-jfr@example.net,Lebanon,جواز سفر,179-24-7195,2025-07-07
354,شاكر,الحكير,1966-06-29,ذكر,"6233 المهيدب Oval Suite 115
الحجارchester, AR 78050",آل محمد بن علي بن جمازton,North Carolina,22059,(357)947-4282,al-lshykhzkhr@example.net,Cyprus,جواز سفر,376-73-1892,2025-07-09
355,سنام,آل جعفر,1996-02-07,ذكر,"02544 الحجار Expressway
South أفراحland, VI 67581",اصيلfurt,Nevada,24656,719-342-3826x4659,tmwh37@example.com,Georgia,بطاقة هوية وطنية,150-78-0569,2024-04-01
356,شيّق,آل رفيع,2005-03-13,ذكر,"12885 فطين Throughway Apt. 198
East معمّر, HI 90108",فخرville,Maryland,63898,748.757.6820x477,lmshwlbh@example.org,Micronesia,بطاقة هوية وطنية,157-66-4488,2024-09-02
357,دعاء,مهنا,2005-12-22,أنثى,"511 ابتسام Curve Apt. 112
سعديfort, WV 73973",West سنام,Minnesota,38725,9705935363,mdh54@example.net,Japan,جواز سفر,079-35-9704,2022-11-26
358,يحيى,الحجار,1982-01-30,ذكر,"2503 المهيدب Prairie Suite 563
North وادع, AL 12687",مهناstad,Illinois,09027,(904)707-0331x34461,thral-sfwn@example.org,Poland,بطاقة هوية وطنية,184-24-9469,2016-01-21
359,مايا,آل سلطان,1974-10-06,أنثى,"PSC 4820, Box 6415
APO AE 13105",الحكيرton,Iowa,65213,573-780-6740,nf55@example.org,Gabon,بطاقة هوية وطنية,425-33-3138,2019-09-23
360,عزيز,مهنا,2000-04-21,ذكر,"3493 صلاح Summit
East عبد اللطيف, NV 40205",الجابرton,Montana,14366,455-946-5896,mhndymh@example.org,Palau,جواز سفر,494-50-9059,2024-08-18
361,أسيل,الحكير,1974-10-25,أنثى,"6239 عبد الواحد Stream Apt. 149
العقيلborough, UT 10727",South حمّادhaven,New Jersey,92315,215.243.4841,xlmgwl@example.org,Cocos (Keeling) Islands,بطاقة هوية وطنية,345-77-5114,2022-01-15
362,مجاهد,آل سلطان,1966-09-13,ذكر,"14974 فصيل Throughway
North مهدي, OH 12292",آل سعودfort,Maine,49488,+1-313-290-3167x4979,qbw-dwwd@example.org,Yemen,جواز سفر,107-63-6838,2016-03-23
363,نوف,المغاولة,1977-07-16,أنثى,"52393 المهنا Tunnel
Lake مأمونville, NM 90957",East هانيborough,Oregon,88160,001-685-816-3046x0902,ibqshn@example.org,United States Virgin Islands,جواز سفر,855-77-6439,2022-03-06
364,وفائي,أبو داوود,1998-07-25,ذكر,"73386 الخرافي Turnpike
North عامرport, CA 35084",East ليث,Massachusetts,82975,278.661.2530,al-wddy-ldwyn@example.org,Lao People's Democratic Republic,جواز سفر,608-35-6001,2021-11-19
365,هنادي,آل جعفر,1985-06-10,أنثى,"PSC 4374, Box 2606
APO AA 86651",عدليton,Vermont,81922,559.818.4149x177,bn-ldnthbt@example.org,Eritrea,بطاقة هوية وطنية,651-02-2591,2021-05-17
366,دؤوب,الحجار,2004-07-13,ذكر,"790 بلند Station
آل العسكريmouth, WA 30052",آل معيضfort,New Mexico,42007,(460)958-6569x041,sdwn56@example.net,Papua New Guinea,جواز سفر,214-29-7616,2022-08-09
367,مُنجد,آل حسين,1974-02-20,ذكر,"49595 آل سعود Ranch
الدباغberg, FL 33776",آل جعفرstad,Rhode Island,83568,(288)548-6319x8070,al-hsynnsyf@example.com,Kazakhstan,بطاقة هوية وطنية,329-80-1225,2020-12-08
368,نشأت,شربتلي,2005-03-29,ذكر,"863 رابح Mills
Port جعفرville, OK 86987",North لاناbury,Minnesota,00880,(562)974-6260,al-hsynsmwh@example.net,Aruba,جواز سفر,386-46-4902,2019-09-22
369,ريتال,آل عواض,1958-02-25,أنثى,"58823 بقشان Crest
حبّابmouth, MH 72980",آل حسينport,Indiana,65531,321-898-6826x861,lmgwlslsbyl@example.com,Bhutan,جواز سفر,052-58-2723,2025-05-24
370,كوثر,المهيدب,1957-11-24,أنثى,"5556 آل خضير Trail Suite 460
West جيلان, AL 28407",صخرhaven,Michigan,15977,216.709.6801,sljfly@example.org,Pitcairn Islands,جواز سفر,328-68-2571,2022-06-24
371,فخري,آل بن ظافر,1998-09-07,ذكر,"993 حجار Ville
New زيادberg, AS 13105",South ليث,Wisconsin,47932,(450)951-9922x74519,ymm11@example.net,Uzbekistan,بطاقة هوية وطنية,815-94-1588,2015-11-15
372,إباء,حنبولي,1967-03-31,أنثى,"585 أبا الخيل Inlet
North معينborough, GU 23342",طهstad,Delaware,08041,556-328-1486,cshrbtly@example.com,Slovenia,جواز سفر,432-51-8134,2018-02-01
373,نظام,آل جعفر,1964-08-05,ذكر,"700 آل عواض Inlet Suite 419
شعلانtown, PR 03816",أبا الخيلville,Massachusetts,06177,(242)585-6613x52096,aytlrshd@example.com,Mauritius,بطاقة هوية وطنية,454-15-6916,2022-10-16
374,حنفي,آل رفيع,2005-07-27,ذكر,"4407 آل جعفر Crossroad Suite 144
East أحمد, OK 29104",سلطانside,South Dakota,75348,001-531-360-5216,yqwbbw-dwwd@example.com,Bouvet Island (Bouvetoya),بطاقة هوية وطنية,379-21-9811,2024-07-24
375,خلدون,آل علي,1999-03-25,ذكر,"35473 بقشان Green Suite 984
Port عادلmouth, TX 15591",العجلانburgh,Missouri,16879,+1-855-826-9866x282,xb-lkhyl@example.com,Latvia,جواز سفر,074-62-5059,2024-08-20
376,يقين,العليان,1956-08-27,ذكر,"5029 آل علي Centers Apt. 700
علاء الدّينberg, IN 26543",South ريانland,West Virginia,23201,+1-530-343-6443x07405,xbw-dwwd@example.net,Samoa,جواز سفر,008-41-5751,2023-06-13
377,رشاد,آل عطفة,1964-05-05,ذكر,"920 عرفات Circles Apt. 868
المهيدبhaven, PW 36587",Port عمير,Connecticut,78993,001-237-785-4469,tkfb-lkhyl@example.org,Armenia,بطاقة هوية وطنية,275-17-6331,2019-08-25
378,ميسور,آل مقطة,1984-12-23,ذكر,"7598 مسلم Spur
West ساطع, OR 38692",صبريtown,Kentucky,50644,+1-326-272-0292,lhkyrrwhy@example.com,Saint Pierre and Miquelon,جواز سفر,182-25-2814,2019-11-17
379,طاهر,المشاولة,1976-09-20,ذكر,"876 عاتب Vista Apt. 302
آل العسكريland, VA 11774",Port ساطعland,Hawaii,53920,001-781-323-6079x14468,shhdlhjr@example.net,United States Virgin Islands,بطاقة هوية وطنية,650-62-7190,2019-02-20
380,راجح,المهنا,1966-03-16,ذكر,"21097 يسري Trace
الشايعbury, VI 62079",طائلchester,Nevada,84127,626-428-5101,mmtzal-hsyn@example.org,Nauru,بطاقة هوية وطنية,042-83-4562,2022-09-13
381,تولين,المهنا,1976-07-26,أنثى,"846 مهنا Square Apt. 906
West وصفيside, NE 81941",خلوصيside,Louisiana,89608,446.589.7763,bnnal-rfy@example.com,Mauritania,بطاقة هوية وطنية,569-19-8428,2020-07-08
382,رجائي,فصيل,1979-08-24,ذكر,"01788 أبا الخيل Wall
آل رفيعborough, KS 19887",فوّازland,New Jersey,29251,443-504-2361,knnal-khdyr@example.com,Albania,بطاقة هوية وطنية,613-77-8504,2017-11-24
383,لهفان,العجلان,2004-10-14,ذكر,"USCGC المغاولة
FPO AA 79066",قحطانhaven,Delaware,71966,831-863-1989,bshr99@example.org,Czech Republic,جواز سفر,532-07-0126,2024-11-15
384,بنفسج,المهنا,1983-09-06,أنثى,"288 العجلان Rest
North رائف, PW 67846",Port فرجland,California,93394,227-242-4490,nwrylqyl@example.com,Senegal,بطاقة هوية وطنية,237-67-9926,2025-06-20
385,خيري,أبا الخيل,1984-12-22,ذكر,"433 الجابر Ranch Apt. 905
East وفاء, AS 15251",Lake ليساءhaven,Wisconsin,77608,404-616-0009,lqylnzmy@example.com,Wallis and Futuna,بطاقة هوية وطنية,758-64-3535,2016-09-13
386,جوان,آل صفوان,1957-01-21,أنثى,"7707 آل رفيع Squares
أبو داوودside, ID 25887",Lake حازم,Wisconsin,24278,+1-560-574-3209x34448,hythm31@example.com,Antarctica (the territory South of 60 deg S),جواز سفر,386-05-7883,2016-12-08
387,جود,آل عواض,1976-07-18,أنثى,"08856 صدّاح Haven
المهناland, VA 50579",تاج الدّينfurt,Rhode Island,15617,(458)724-9308,shhyrbqshn@example.org,Togo,بطاقة هوية وطنية,114-87-4125,2023-03-16
388,أفنان,آل بن لافي,1968-01-24,أنثى,"Unit 7795 Box 3832
DPO AP 31316",South عادلfurt,Wyoming,14559,001-898-784-3273x10854,lrshdtmd@example.com,Vietnam,بطاقة هوية وطنية,670-60-6830,2019-11-28
389,نوال,كانو,2002-08-02,أنثى,"970 الدباغ Streets
العقيلmouth, FM 08750",East فائق,Virginia,33782,(275)204-6549,dhk63@example.net,Argentina,بطاقة هوية وطنية,334-49-0117,2018-09-09
390,ريما,بقشان,1991-11-16,أنثى,"47730 المهنا Causeway Suite 819
العقيلmouth, VA 43054",New صعب,Montana,11711,+1-488-922-7368x25100,bd-lqdwwsal-bn-zfr@example.net,France,جواز سفر,862-62-0781,2022-07-07
391,عمران,المغاولة,1989-05-29,ذكر,"621 أبا الخيل Expressway Apt. 492
North فرزدق, AK 14895",Port حليم,Utah,80103,7854219534,aal-wd@example.com,Guinea,بطاقة هوية وطنية,162-10-4021,2018-04-01
392,لاما,المهنا,1974-09-16,أنثى,"706 كارم Light
West حمود, WV 76500",East هادي,Missouri,46184,545.754.8659x52531,lkhrfysfyr@example.com,Greenland,جواز سفر,047-78-9970,2019-04-16
393,دانية,المهيدب,1958-06-26,أنثى,"USS مهنا
FPO AP 99834",South وضّاحside,Michigan,13489,(572)702-3344,hsynmhn@example.net,Gibraltar,بطاقة هوية وطنية,360-65-8518,2024-08-15
394,صبحي,أبو داوود,1974-11-23,ذكر,"648 هاجر Overpass
Port حارث, VI 87741",المشاولةside,Vermont,53352,685.360.4487x353,al-bn-lfyrsm@example.net,Turkey,بطاقة هوية وطنية,014-70-2867,2021-05-19
395,طائع,آل عطفة,1967-07-10,ذكر,"94286 مُخيمر Lakes
East شفيعville, TX 01939",East ليناchester,Rhode Island,42249,766.824.9668x62993,ryj20@example.com,Honduras,جواز سفر,571-97-7887,2021-06-03
396,جهراء,المغاولة,1978-06-20,أنثى,"45920 شاطر Extension
New رضي, VI 66828",صخرland,Kentucky,82359,(264)776-4067x2922,shb08@example.net,Belarus,جواز سفر,252-77-5001,2020-07-15
397,عزّ الدّين,بقشان,1973-11-09,ذكر,"7639 لبيب Stravenue
حقّيbury, KS 01514",أبو داوودberg,Maine,44891,725.411.2862x42705,jal-hsyn@example.net,China,جواز سفر,805-32-3691,2025-05-06
398,نعيم,حنبولي,1993-06-23,ذكر,"USNS الشايع
FPO AP 96849",آل حسينhaven,Delaware,29869,(335)738-6991x96663,mslm48@example.com,Slovenia,بطاقة هوية وطنية,788-82-8177,2017-08-30
399,أزهار,الحجار,1972-06-13,أنثى,"0146 المهيدب Squares Suite 659
آل عايضmouth, VT 44594",Port غامدberg,Idaho,52073,(305)867-0488,ral-wd@example.org,Switzerland,بطاقة هوية وطنية,416-37-9403,2015-09-10
400,لوليا,آل بن ظافر,1998-11-24,أنثى,"9446 جوين Plain Apt. 445
حافظmouth, UT 07983",West ليم,Arizona,96674,9986370968,zfsyl@example.com,Holy See (Vatican City State),جواز سفر,150-15-8370,2018-03-21
401,وفاء,أبا الخيل,1992-10-15,أنثى,"Unit 4186 Box 6899
DPO AE 99844",آل رفيعborough,Colorado,22012,446-444-6611,shhb27@example.net,Gibraltar,جواز سفر,544-91-1115,2023-12-02
402,عزمي,آل رفيع,1983-09-17,ذكر,"3555 آل العسكري Park Apt. 936
New بلندmouth, FL 23006",المهناton,Alaska,88446,553-633-5530,slfal-sltn@example.net,Uganda,بطاقة هوية وطنية,617-19-1543,2016-07-08
403,عارف,حنبولي,1960-09-07,ذكر,"88187 زيدان Causeway
داهيland, MS 75460",مهنّدchester,Vermont,48648,(564)649-0461x2126,flh37@example.net,Hungary,جواز سفر,533-52-9285,2024-09-18
404,جوين,آل محمد بن علي بن جماز,1985-07-18,أنثى,"PSC 2830, Box 3197
APO AE 92362",Port رائد,Maryland,87631,583.427.5490x325,jal-qsyr@example.org,Cook Islands,بطاقة هوية وطنية,795-43-3090,2019-07-23
405,عبد الحليم,آل خضير,1994-11-27,ذكر,"00522 خاشعة Branch
East عبد القادر, DC 13224",شوقيport,Alabama,97530,368-355-6707x2820,mlmhn@example.com,Haiti,بطاقة هوية وطنية,750-91-5722,2020-06-24
406,رجائي,الشايع,2002-10-20,ذكر,"USS آل قصير
FPO AE 33792",East صالح,Wyoming,05634,+1-788-296-5552x91420,l-ldwyn86@example.com,Congo,بطاقة هوية وطنية,650-68-6437,2016-11-29
407,عبد الباقي,آل محمد بن علي بن جماز,1995-11-11,ذكر,"126 آل خضير Stream Suite 334
هياview, IA 61791",Lake مراديburgh,Delaware,51332,(316)595-0846x9383,al-lymhfwz@example.org,Falkland Islands (Malvinas),بطاقة هوية وطنية,258-27-7799,2018-08-08
408,معزّ,الراشد,1987-06-01,ذكر,"49983 آل سعود Junctions
New بنفسج, WI 70869",East عبد الغفور,Colorado,30877,8219919722,hjrmrym@example.org,Czech Republic,جواز سفر,268-96-8152,2024-07-26
409,وسيم,بن لادن,1996-02-06,ذكر,"92446 آل مقطة Junction
آل حسينmouth, UT 26111",West ذريع,California,72975,(813)579-2423x1329,khldyb-lkhyl@example.com,Solomon Islands,بطاقة هوية وطنية,253-92-5363,2024-07-22
410,وائل,آل معيض,1988-07-14,ذكر,"9643 كانو Skyway
New عامرfort, NE 63914",آل حسينchester,Utah,42986,+1-303-942-3921x16553,trf96@example.com,New Caledonia,جواز سفر,142-03-3528,2018-07-06
411,إلينا,آل بن ظافر,2006-12-22,أنثى,"787 أبو داوود Valleys
وجيهside, NC 75469",Port سامر,South Carolina,49716,(644)707-2429x114,ndylkhrfy@example.com,Fiji,جواز سفر,039-06-6138,2016-06-18
412,صبيح,آل عواض,1973-10-18,ذكر,"0991 الحكير Overpass
أبا الخيلside, LA 68383",آل قصيرhaven,Michigan,59171,2274036166,mrdyhjr@example.org,Gambia,جواز سفر,355-83-6879,2024-12-22
413,ألين,فصيل,1974-08-24,أنثى,"371 عزّت Road
North فتوحberg, AL 67781",New شامل,Louisiana,17173,590.638.4065,rb49@example.org,Jersey,جواز سفر,597-68-7346,2021-07-30
414,جنى,المغاولة,1999-09-17,أنثى,"49460 آل محمد بن علي بن جماز Branch Apt. 052
East ريمfort, MI 22161",Lake سخاء,Arizona,74323,001-407-340-5411x78752,rmal-wd@example.net,Oman,بطاقة هوية وطنية,654-59-3827,2021-10-24
415,خالدي,آل عواض,1993-08-19,ذكر,"1896 آل عواض Wall Suite 679
آل العسكريside, KY 86497",South مطاوع,Mississippi,34404,(463)561-2901,al-lyfyq@example.org,Georgia,جواز سفر,572-44-0436,2024-10-05
416,دهمان,بقشان,1996-10-12,ذكر,"9547 العجلان Junctions
New محسنberg, ID 71695",يحيىland,North Dakota,53055,442-949-9197,bd-lhkym81@example.org,Andorra,جواز سفر,229-01-7382,2020-10-01
417,هنادي,آل خضير,1973-06-28,أنثى,"772 الجفالي Lodge
طارقfurt, DE 49833",كرمtown,Wisconsin,25757,001-409-885-9930x8579,gal-mhmd-bn-ly-bn-jmz@example.net,New Zealand,جواز سفر,064-57-9625,2019-12-21
418,حيّان,آل صفوان,1960-10-21,ذكر,"097 شعيب Ferry
Port هيمان, AZ 93582",East فارسview,Kansas,87986,+1-861-486-0083x65640,bw-dwwdty@example.org,Ecuador,بطاقة هوية وطنية,002-20-0369,2017-06-30
419,نشوة,آل بن لافي,1999-08-24,أنثى,"673 عزمي Glens
Port سائد, AK 29055",ضرغامland,Mississippi,42224,589.216.5439,al-ydjmyl@example.net,Saint Lucia,بطاقة هوية وطنية,490-39-3759,2016-10-30
420,جنى,العليان,1998-06-02,أنثى,"819 أسرار Camp
West صبحيshire, KS 10150",Lake رشاد,Iowa,61716,396.633.4090x16497,nymal-lshykh@example.net,Tunisia,جواز سفر,733-64-9031,2019-12-13
421,لمّاح,بقشان,1972-03-21,ذكر,"85630 ظافر Prairie
North نبيه, GA 29640",Port عدوي,Louisiana,91439,637-543-6054,al-ydsb@example.net,Cambodia,بطاقة هوية وطنية,510-19-5136,2025-05-28
422,شادن,آل محمد بن علي بن جماز,1956-07-15,أنثى,"447 آل مقطة Locks Apt. 899
عبد الغفّارside, SC 97457",North إليناborough,South Dakota,76819,589.883.8068,ehjr@example.com,Ecuador,جواز سفر,832-48-7782,2016-02-07
423,اعتماد,آل محمد بن علي بن جماز,1981-07-16,أنثى,"USNS العقيل
FPO AP 01822",صدّاحview,Massachusetts,43456,402.539.3485x011,lmljbr@example.com,Israel,بطاقة هوية وطنية,522-16-7129,2018-09-21
424,راجح,آل عايض,2005-02-14,ذكر,"74693 العليان Curve
West مرزوق, MA 19989",المهناland,Arizona,70986,+1-530-974-1398x1021,vbn-ldn@example.org,Comoros,بطاقة هوية وطنية,521-57-9077,2023-08-07
425,علوان,آل جعفر,1990-06-29,ذكر,"264 نبراس Rue
New وجديbury, WA 81249",آل محمد بن علي بن جمازmouth,Vermont,68567,(765)224-0149,mlkal-yd@example.net,Ecuador,بطاقة هوية وطنية,594-16-0618,2018-11-20
426,أجوان,آل بن ظافر,1991-02-12,أنثى,"PSC 3521, Box 3172
APO AP 36378",فصيلshire,Arkansas,49437,997-991-5242x56322,qlshy@example.org,Tunisia,بطاقة هوية وطنية,427-02-7392,2020-07-11
427,صادح,مهنا,1971-10-22,ذكر,"54175 فارس Ports
بيلسانshire, NY 59544",بقشانview,South Carolina,91133,(492)636-5011x0545,qyl77@example.com,Tokelau,جواز سفر,563-40-5147,2021-06-13
428,جمان,آل صفوان,2004-05-10,أنثى,"484 الحكير Island Suite 841
حنبوليburgh, NE 13077",South غاليland,Iowa,34595,974.361.6504,btl33@example.org,Mauritius,بطاقة هوية وطنية,484-02-4871,2024-08-22
429,رخاء,آل بن لافي,1965-08-31,ذكر,"387 تقي Cove Apt. 116
West سمير, CO 67418",New جاسم,Washington,18227,3157856026,qbqshn@example.net,Mauritius,بطاقة هوية وطنية,234-39-3854,2025-04-01
430,ناصيف,آل بن لافي,2006-09-01,ذكر,"66232 شدّاد Alley Apt. 407
يعقوبton, OK 29588",غانمburgh,Oregon,80997,865-317-1287,ial-hsyn@example.net,Uganda,جواز سفر,349-51-1186,2019-04-10
431,أفنان,آل خضير,1998-11-11,أنثى,"306 ناديه Junctions
Port عبد الرّؤوفtown, NY 87857",South تقي,West Virginia,48336,854.978.7501x64191,ljflykhmys@example.org,Malaysia,جواز سفر,548-92-2491,2023-08-08
432,ميلاء,آل عطفة,1991-06-29,أنثى,"35524 قبس Path
مصعبbury, NE 82123",Port إباء,Maine,50625,781-364-5109x893,wthq74@example.net,Guinea,بطاقة هوية وطنية,570-68-5499,2019-02-11
433,لانا,أبا الخيل,1980-11-13,أنثى,"925 عقيل Estate
مظهرside, WI 22483",آل عليburgh,Alabama,90314,(779)573-7216x19120,al-khdyrrynd@example.com,Albania,بطاقة هوية وطنية,798-65-2896,2019-08-01
434,ريّان,آل جعفر,1954-12-02,ذكر,"862 الدباغ Fall
West صبيح, KY 63285",New عبد الحقّton,Ohio,61579,728-313-1969,lrshdbd-lhkym@example.net,Northern Mariana Islands,جواز سفر,455-27-9509,2017-04-08
435,أروى,كانو,2005-07-25,أنثى,"06936 الدباغ Unions
آل عواضfort, AR 13571",المشاولةside,Maryland,83220,970-927-2684,rdyal-bn-lfy@example.net,Latvia,جواز سفر,835-41-0698,2018-03-10
436,إلينا,الدباغ,1960-09-02,أنثى,"359 فصيل Ford
نصريburgh, NE 98274",Lake ماذى,Oklahoma,80312,(224)860-1236x40577,tbw-dwwd@example.org,Congo,بطاقة هوية وطنية,436-94-4149,2023-04-22
437,شعيب,الراشد,1991-02-21,ذكر,"7120 المغاولة Island Apt. 557
Lake ليثfort, MT 55015",North جلنار,Maine,31761,604-586-9235x825,al-ydshhm@example.com,Mali,جواز سفر,039-32-2280,2019-01-29
438,فخري,آل العسكري,1984-01-10,ذكر,"8385 نيازي Crescent
آل محمد بن علي بن جمازside, DC 65268",South هاشم,New Hampshire,38452,(669)311-7316,lqylblqys@example.com,Palau,جواز سفر,861-67-5372,2025-02-22
439,بيلسان,الراشد,1991-03-23,أنثى,"1582 راسم Mill
Lake حسين, NE 68932",خضرmouth,Kentucky,92439,001-692-658-3711,fbqshn@example.org,Jersey,جواز سفر,896-94-5630,2021-12-14
440,فؤاد,آل حسين,1973-06-26,ذكر,"861 توفيق Light Apt. 904
نبراسborough, CT 13717",وحيدport,Louisiana,05153,5232307730,nshtal-tf@example.com,Russian Federation,بطاقة هوية وطنية,877-61-1369,2019-03-14
441,سجى,مهنا,2000-02-09,أنثى,"18927 رشيد Center
كليمton, ID 72858",واصفtown,Arkansas,12264,895-487-1501,slhldbg@example.net,Yemen,بطاقة هوية وطنية,445-35-5732,2018-04-14
442,فايد,آل مقطة,2005-10-10,ذكر,"13822 دريد Wells Apt. 261
East مهيب, CA 00995",East ناصيف,Maryland,13576,001-840-991-2706x9469,nlhjr@example.com,Andorra,بطاقة هوية وطنية,253-89-7129,2016-10-25
443,دعاء,آل جعفر,1996-01-04,أنثى,"5402 الجفالي Club
Port رمحي, DC 18917",New لفيفberg,Vermont,69473,+1-959-688-5323x3553,sbal-mhmd-bn-ly-bn-jmz@example.org,Jersey,جواز سفر,624-13-8217,2019-09-20
444,وفاء,آل سلطان,1975-04-29,أنثى,"45782 هند Drive
مجاهدhaven, ND 10268",North عبد الباقيshire,Georgia,70744,930.747.7858,bd-lmlk46@example.org,Haiti,جواز سفر,285-51-2971,2016-09-26
445,مأمون,الحكير,1963-08-05,ذكر,"2714 شربتلي Mountain
New ابتهاجshire, AK 77932",العليانhaven,Ohio,93771,358-522-2045,al-sltnlyn@example.net,Libyan Arab Jamahiriya,بطاقة هوية وطنية,220-75-4311,2020-07-13
446,عرفات,الحكير,1964-10-28,ذكر,"43882 طائل Divide Suite 648
فائقside, MO 79360",زيدانton,California,91908,237-556-6188,al-mydrfh@example.org,Cook Islands,بطاقة هوية وطنية,001-96-2675,2021-11-23
447,جوليا,آل معيض,2002-03-31,أنثى,"82847 آل معيض Place Suite 276
العجلانville, MA 77344",آل جعفرton,Kentucky,31617,547.249.4596x9365,fsylqyd@example.net,Japan,جواز سفر,036-34-8874,2022-02-22
448,ريما,الجفالي,1990-04-30,أنثى,"USS آل علي
FPO AA 78391",جلالville,Missouri,74644,447.807.3886x727,mhntryf@example.com,Greenland,بطاقة هوية وطنية,216-44-0625,2016-03-06
449,تاج الدّين,المغاولة,1979-06-02,ذكر,"6433 غانم Lights
Port عبد العزيزmouth, GA 01142",آل سعودborough,Virginia,45532,(301)484-7300,xhjr@example.com,Mozambique,جواز سفر,534-96-0534,2021-06-20
450,كافور,الجفالي,1954-11-18,ذكر,"PSC 0356, Box 8168
APO AE 34814",East داهي,Hawaii,80966,(656)843-1705x135,yal-mhmd-bn-ly-bn-jmz@example.org,Timor-Leste,جواز سفر,077-56-4219,2017-03-24
451,نوف,بقشان,1963-09-07,أنثى,"07825 الدباغ Island
الجابرhaven, KS 13303",West فالحside,Louisiana,64087,927.330.6228,sal-mqt@example.com,Samoa,بطاقة هوية وطنية,118-31-4074,2019-08-07
452,فداء,آل عطفة,2003-02-17,ذكر,"1157 بن لادن Neck
North طالبborough, NM 60422",Lake جودport,New Hampshire,00856,970.802.1250,al-jfrjll-ldwyn@example.org,Philippines,جواز سفر,439-83-0866,2020-03-08
453,نعيم,آل معيض,1986-03-08,ذكر,"4299 المهنا Prairie
آل معيضshire, VI 79143",West أفراح,Minnesota,26798,330.843.0147x3827,lmgwllwy@example.com,San Marino,جواز سفر,695-02-5260,2019-09-09
454,كرمة,الجابر,1958-04-15,أنثى,"178 وسيم Courts Apt. 030
West وجدي, KY 21812",وسيلstad,Vermont,72276,439-893-1404x159,mrtqy96@example.com,Afghanistan,بطاقة هوية وطنية,792-35-2376,2020-07-21
455,ريمان,الجفالي,1980-04-07,أنثى,"915 شربتلي Course
الجابرshire, MI 09343",New فرحانhaven,North Carolina,55105,6687970783,lrshdftyn@example.com,Saint Martin,جواز سفر,522-77-0185,2017-03-01
456,شعيب,المشاولة,1982-06-23,ذكر,"93730 نصوح Valleys
عبد القدّوسview, OH 54969",الجابرstad,Tennessee,82153,(514)577-6964x5743,zhnbwly@example.org,Timor-Leste,بطاقة هوية وطنية,680-27-1872,2023-12-20
457,جوريّة,العقيل,1993-04-23,أنثى,"USNV المشاولة
FPO AP 60264",New روحي,West Virginia,06912,489.642.8610,shflmshwl@example.net,United Arab Emirates,بطاقة هوية وطنية,866-17-7155,2018-12-29
458,غيداء,الجابر,1995-07-22,أنثى,"788 آل رفيع Knolls
قاسمmouth, PW 07328",اعتمادtown,New Mexico,65550,001-216-368-0334x056,zal-sltn@example.com,Sudan,بطاقة هوية وطنية,757-52-9532,2015-11-07
459,أزهار,العجلان,1992-07-15,أنثى,"60247 الخرافي Haven Apt. 337
New رازي, OH 53312",Lake فاتح,Utah,63927,+1-781-381-5528x8472,dwwdbw-dwwd@example.org,French Guiana,جواز سفر,174-89-5354,2023-01-22
460,رواء,آل عطفة,1961-04-02,أنثى,"489 الحكير Bridge
حجارmouth, WI 38700",آل معيضchester,California,96791,355-263-1887x60033,fwd66@example.com,Australia,جواز سفر,463-17-7227,2023-09-15
461,لاما,المهنا,1986-09-16,أنثى,"764 آل الشيخ Land
East سجا, OH 47460",Lake عقيلbury,Connecticut,32514,001-983-372-7897x781,sdwn77@example.com,Suriname,جواز سفر,209-48-7408,2020-02-28
462,وفائي,المهيدب,1971-09-17,ذكر,"PSC 1561, Box 2487
APO AA 29659",West نجيبfurt,Florida,70462,631-602-1753x285,nrdynlrshd@example.org,French Polynesia,بطاقة هوية وطنية,055-90-9997,2025-03-28
463,وصاف,الدباغ,1968-05-23,أنثى,"USCGC آل معيض
FPO AP 20930",كسّابburgh,South Dakota,54461,496.202.0408x388,myn24@example.org,Zimbabwe,بطاقة هوية وطنية,800-82-2621,2025-04-07
464,جهراء,الجفالي,1986-01-04,أنثى,"081 راوي Roads Suite 688
Port ليان, MN 31334",North ترفton,Maine,41245,+1-778-301-2601,hnbwlydhy@example.com,San Marino,بطاقة هوية وطنية,547-87-4118,2025-03-26
465,سنام,حجار,1986-10-05,ذكر,"84438 آل خضير Burg
Lake عاصم, AS 30472",New طيّع,Nevada,15009,(693)402-3957,lrshdbd-llym@example.net,Sudan,جواز سفر,631-46-2212,2022-06-27
466,نشوة,آل عايض,1988-06-07,أنثى,"4945 جواهر Springs
آل مقطةberg, NE 25311",South نظمي,Massachusetts,43849,001-726-302-1502x7213,oal-mqt@example.org,Hong Kong,بطاقة هوية وطنية,880-69-6073,2016-10-15
467,كاسر,آل بن لافي,1964-11-08,ذكر,"20387 حافظ Pines
عالمville, MH 81201",أبا الخيلbury,Illinois,83570,4797367220,mundlal-mhmd-bn-ly-bn-jmz@example.org,Guadeloupe,بطاقة هوية وطنية,429-80-9685,2023-04-05
468,بارعة,العجلان,1962-09-17,أنثى,"USNV أبا الخيل
FPO AE 27308",Lake منتصر,Hawaii,13827,+1-888-213-1129x16070,oal-lskry@example.com,Belize,بطاقة هوية وطنية,023-28-5646,2024-01-06
469,كرم,حنبولي,1969-10-22,ذكر,"Unit 2002 Box 6608
DPO AP 20119",New وليف,Kansas,09947,2867369667,jml51@example.org,Guam,جواز سفر,143-58-1182,2021-10-02
470,بهاء,أبو داوود,1964-01-30,أنثى,"8717 نبراس Stravenue Apt. 011
كرمةfort, MS 32199",East جابرport,Iowa,99292,001-334-672-6696x82236,klmshwl@example.net,Montserrat,جواز سفر,451-66-6421,2017-02-26
471,مُتوكّل,المغاولة,1970-03-18,ذكر,"302 جميل Place
حجارburgh, WA 74218",South توفيق,South Carolina,09057,985-295-7926x5268,sdqy51@example.com,Czech Republic,بطاقة هوية وطنية,601-25-6261,2016-06-05
472,ظريف,آل بن لافي,1992-11-16,ذكر,"275 آل بن لافي Pike Apt. 110
West صبيحmouth, VT 78295",West تحسينfort,Arizona,73921,(591)984-1116x69981,nzmy28@example.net,Cuba,جواز سفر,711-26-5095,2021-07-29
473,يسرى,آل حسين,1998-02-01,أنثى,"3329 سديم Glen
رجاءhaven, CT 13032",طموحmouth,Kentucky,72464,001-528-698-4156x5687,glshy@example.com,Iran,جواز سفر,017-03-2663,2025-07-20
474,فتحي,آل علي,1981-02-27,ذكر,"5674 الجابر Camp
Port جمانborough, AZ 73468",South صبحيchester,Mississippi,04938,903-658-1969x671,hnbwlyfkry@example.net,French Southern Territories,جواز سفر,674-36-5919,2021-06-12
475,عقيل,آل بن لافي,1994-02-03,ذكر,"66726 العجلان Spurs
West مُتيّم, PW 00541",New ابتهاج,Tennessee,23056,692.551.2135,nswral-ly@example.net,Ukraine,جواز سفر,682-79-1144,2018-04-06
476,بهاء,العليان,1977-09-19,أنثى,"2147 شادن Points Suite 156
West زهير, MS 55487",الحجارmouth,Massachusetts,93607,001-385-806-7303,qsyd71@example.com,Cote d'Ivoire,بطاقة هوية وطنية,748-51-3893,2021-09-11
477,جوانا,المشاولة,1972-01-26,أنثى,"PSC 9762, Box 5967
APO AP 50909",نبيهbury,New York,79656,(850)943-5636,tal-mhmd-bn-ly-bn-jmz@example.org,Cayman Islands,جواز سفر,400-16-9514,2017-05-02
478,لارا,العجلان,1990-02-25,أنثى,"0134 لطفي Lodge
آل بن لافيville, VT 32684",North شعيب,Vermont,36708,+1-423-384-2328x298,srj-ldwynal-rfy@example.org,Lebanon,بطاقة هوية وطنية,389-39-4228,2019-07-29
479,فاتح,الجابر,1985-07-12,ذكر,"8985 فايد Skyway
Port هيكلfort, GU 49722",المهناtown,Delaware,88007,741-352-2246x5295,hnbwlymys@example.com,Comoros,جواز سفر,741-36-4860,2017-06-08
480,روبين,آل سلطان,1967-10-21,أنثى,"2056 العجلان Shores
مُنذرport, VI 73618",Port نعيم,Alabama,59399,857.515.0156,kal-sfwn@example.com,Bouvet Island (Bouvetoya),بطاقة هوية وطنية,763-11-5354,2015-11-25
481,سديم,الجفالي,1975-08-07,أنثى,"926 بقشان Divide Apt. 682
سعودbury, VT 45508",Port رمحي,Indiana,15329,355-298-5980,srj-ldwynal-swd@example.org,Holy See (Vatican City State),جواز سفر,366-14-2815,2025-07-06
482,قائد,آل بن لافي,1975-12-29,ذكر,"075 حقّي Club Suite 538
آل العسكريmouth, NV 79904",Port ظبي,New York,16642,281-840-0317,kal-tf@example.org,Montenegro,بطاقة هوية وطنية,790-34-0472,2017-05-05
483,اصيل,آل عايض,1997-06-01,أنثى,"34414 محيي الدّين Summit
New نشوان, UT 26075",Lake فيّاضburgh,Arkansas,53375,384-420-5708x58558,mhjwbal-ly@example.net,Chad,بطاقة هوية وطنية,684-51-0829,2015-09-03
484,صدّام,الجفالي,1972-08-03,ذكر,"USNS الجفالي
FPO AA 19941",South حلاside,North Carolina,72531,6423118436,dhbal-qsyr@example.net,Portugal,بطاقة هوية وطنية,123-30-7604,2015-12-09
485,كنار,المشاولة,1996-08-07,ذكر,"2553 كليم Cliff Suite 354
New لطفي, TX 64714",East سنامchester,Maryland,91743,339.652.6294x16239,hd11@example.net,Costa Rica,جواز سفر,589-95-2952,2025-06-08
486,رهيف,الجابر,1961-12-04,ذكر,"135 العقيل Groves
South ميسور, MH 07398",حليمshire,Arkansas,97729,+1-927-721-8782x61427,hbw-dwwd@example.org,Senegal,بطاقة هوية وطنية,855-65-6920,2021-04-21
487,عماد,المهيدب,1975-04-01,ذكر,"5589 ابتكار Mews
East مازنview, VI 86058",South عاصم,Arkansas,15571,+1-832-665-8676,jwnal-lshykh@example.net,Taiwan,بطاقة هوية وطنية,746-71-1851,2022-06-28
488,نجيب,أبا الخيل,1999-01-07,ذكر,"953 ناظم Motorway
جمال الدّينfurt, AR 60782",North ضيائيville,Alaska,54109,7247030332,clqyl@example.com,Mozambique,بطاقة هوية وطنية,314-47-8036,2015-09-20
489,بيلسان,المغاولة,1964-05-26,أنثى,"123 المغاولة Lake
الحجارmouth, SD 91968",لاراborough,Oregon,00639,543-985-3026x3618,al-bn-lfythrwt@example.com,Sudan,جواز سفر,615-13-1045,2022-05-24
490,ليساء,الجابر,2003-06-05,أنثى,"PSC 6532, Box 0797
APO AA 58800",بقشانfort,Washington,02530,950.605.9245,lshymkhls@example.net,Thailand,بطاقة هوية وطنية,228-02-4157,2021-10-15
491,جود,العجلان,1979-10-02,أنثى,"997 آل خضير Drives Suite 910
وصافburgh, KY 58207",New عرفهtown,Alabama,55980,+1-621-392-0494x71772,wsf54@example.org,Turkmenistan,بطاقة هوية وطنية,738-44-8758,2017-04-08
492,هيام,آل رفيع,1968-07-19,أنثى,"5633 آل سعود Meadow
Port ثابت, OR 08879",فصيلmouth,Hawaii,81922,(553)977-4696,al-lydymh@example.net,Algeria,جواز سفر,409-84-7649,2015-09-28
493,ميرا,آل قصير,1983-04-04,أنثى,"USCGC آل سعود
FPO AP 50429",Port نجم الدّينshire,Texas,02956,619.874.5868x952,oshrbtly@example.net,Vanuatu,بطاقة هوية وطنية,874-02-0354,2020-12-17
494,عزّ الدّين,أبو داوود,2005-05-09,ذكر,"3337 نور Station Suite 219
Lake عبد الصّمد, NE 97672",South سفيان,New Hampshire,12764,+1-883-917-8585x5005,slhal-sfwn@example.org,Taiwan,جواز سفر,080-44-0958,2021-11-24
495,حلا,المشاولة,1966-01-29,أنثى,"369 آل الشيخ Rue
الجابرtown, AR 95876",East واصفmouth,Maine,85382,+1-640-846-4018x6563,rywn40@example.org,Mexico,بطاقة هوية وطنية,049-69-1373,2021-09-10
496,بيلسان,آل قصير,1987-05-10,أنثى,"431 بيسان Center Apt. 706
ظافرberg, LA 62268",Port تميمchester,Virginia,34234,755.636.7450,ltwf91@example.org,Estonia,جواز سفر,768-45-1992,2023-02-24
497,موسى,آل عطفة,2000-07-14,ذكر,"76164 كانو Shores Suite 053
Port كرمة, KS 11505",شفيعberg,Minnesota,02553,281.246.5494,dy-ldwyn67@example.org,Korea,بطاقة هوية وطنية,499-66-6928,2021-01-12
498,هند,حجار,1973-02-01,أنثى,"905 شاطر Trace Apt. 135
Port ألين, NJ 90763",West صدّاح,Vermont,10505,760-874-8812,xal-ly@example.com,Morocco,بطاقة هوية وطنية,249-76-5097,2019-10-29
499,حياة,آل خضير,1989-07-26,أنثى,"7911 شهد Freeway Apt. 561
صبريland, TN 68873",كنعانbury,Ohio,26860,789-347-4851,wsfyb-lkhyl@example.org,Tunisia,جواز سفر,531-06-4839,2016-10-08
500,سديم,آل العسكري,1988-06-01,أنثى,"2442 عبد الخالق Springs
East شكريmouth, AS 73672",West عبد المولىberg,Oklahoma,33536,(908)976-2674,xal-bn-lfy@example.org,Italy,بطاقة هوية وطنية,102-92-5002,2017-10-13
